Gene,Arbre phylogeographique,Position ASM,Bootstrap moyen,RF normalise
datasets/5seq/seq.fasta,ALLSKY_SFC_SW_DWN_newick,24100_24300,15.0,50.0
datasets/5seq/seq.fasta,T2M_newick,24100_24300,15.0,50.0
datasets/5seq/seq.fasta,QV2M_newick,24100_24300,15.0,50.0
datasets/5seq/seq.fasta,PRECTOTCORR_newick,24100_24300,15.0,50.0
datasets/5seq/seq.fasta,WS10M_newick,24100_24300,15.0,50.0
datasets/5seq/seq.fasta,ALLSKY_SFC_SW_DWN_newick,4200_4400,25.0,50.0
datasets/5seq/seq.fasta,T2M_newick,4200_4400,25.0,50.0
datasets/5seq/seq.fasta,QV2M_newick,4200_4400,25.0,50.0
datasets/5seq/seq.fasta,PRECTOTCORR_newick,4200_4400,25.0,50.0
datasets/5seq/seq.fasta,WS10M_newick,4200_4400,25.0,50.0
datasets/5seq/seq.fasta,ALLSKY_SFC_SW_DWN_newick,19900_20100,25.0,50.0
datasets/5seq/seq.fasta,T2M_newick,19900_20100,25.0,50.0
datasets/5seq/seq.fasta,QV2M_newick,19900_20100,25.0,50.0
datasets/5seq/seq.fasta,PRECTOTCORR_newick,19900_20100,25.0,50.0
datasets/5seq/seq.fasta,WS10M_newick,19900_20100,25.0,50.0
datasets/5seq/seq.fasta,ALLSKY_SFC_SW_DWN_newick,24200_24400,25.0,50.0
datasets/5seq/seq.fasta,T2M_newick,24200_24400,25.0,50.0
datasets/5seq/seq.fasta,QV2M_newick,24200_24400,25.0,50.0
datasets/5seq/seq.fasta,PRECTOTCORR_newick,24200_24400,25.0,50.0
datasets/5seq/seq.fasta,WS10M_newick,24200_24400,25.0,50.0
datasets/5seq/seq.fasta,ALLSKY_SFC_SW_DWN_newick,5200_5400,85.0,75.0
datasets/5seq/seq.fasta,T2M_newick,5200_5400,85.0,75.0
datasets/5seq/seq.fasta,QV2M_newick,5200_5400,85.0,75.0
datasets/5seq/seq.fasta,PRECTOTCORR_newick,5200_5400,85.0,75.0
datasets/5seq/seq.fasta,WS10M_newick,5200_5400,85.0,75.0
datasets/5seq/seq.fasta,ALLSKY_SFC_SW_DWN_newick,21000_21200,25.0,50.0
datasets/5seq/seq.fasta,T2M_newick,21000_21200,25.0,50.0
datasets/5seq/seq.fasta,QV2M_newick,21000_21200,25.0,50.0
datasets/5seq/seq.fasta,PRECTOTCORR_newick,21000_21200,25.0,50.0
datasets/5seq/seq.fasta,WS10M_newick,21000_21200,25.0,50.0
datasets/5seq/seq.fasta,ALLSKY_SFC_SW_DWN_newick,28300_28500,25.0,50.0
datasets/5seq/seq.fasta,T2M_newick,28300_28500,25.0,50.0
datasets/5seq/seq.fasta,QV2M_newick,28300_28500,25.0,50.0
datasets/5seq/seq.fasta,PRECTOTCORR_newick,28300_28500,25.0,50.0
datasets/5seq/seq.fasta,WS10M_newick,28300_28500,25.0,50.0
datasets/5seq/seq.fasta,ALLSKY_SFC_SW_DWN_newick,28000_28200,85.0,75.0
datasets/5seq/seq.fasta,T2M_newick,28000_28200,85.0,75.0
datasets/5seq/seq.fasta,QV2M_newick,28000_28200,85.0,75.0
datasets/5seq/seq.fasta,PRECTOTCORR_newick,28000_28200,85.0,75.0
datasets/5seq/seq.fasta,WS10M_newick,28000_28200,85.0,75.0
datasets/5seq/seq.fasta,ALLSKY_SFC_SW_DWN_newick,21300_21500,25.0,50.0
datasets/5seq/seq.fasta,T2M_newick,21300_21500,25.0,50.0
datasets/5seq/seq.fasta,QV2M_newick,21300_21500,25.0,50.0
datasets/5seq/seq.fasta,PRECTOTCORR_newick,21300_21500,25.0,50.0
datasets/5seq/seq.fasta,WS10M_newick,21300_21500,25.0,50.0
datasets/5seq/seq.fasta,ALLSKY_SFC_SW_DWN_newick,22700_22900,30.0,50.0
datasets/5seq/seq.fasta,T2M_newick,22700_22900,30.0,50.0
datasets/5seq/seq.fasta,QV2M_newick,22700_22900,30.0,50.0
datasets/5seq/seq.fasta,PRECTOTCORR_newick,22700_22900,30.0,50.0
datasets/5seq/seq.fasta,WS10M_newick,22700_22900,30.0,50.0
datasets/5seq/seq.fasta,ALLSKY_SFC_SW_DWN_newick,14500_14700,85.0,75.0
datasets/5seq/seq.fasta,T2M_newick,14500_14700,85.0,75.0
datasets/5seq/seq.fasta,QV2M_newick,14500_14700,85.0,75.0
datasets/5seq/seq.fasta,PRECTOTCORR_newick,14500_14700,85.0,75.0
datasets/5seq/seq.fasta,WS10M_newick,14500_14700,85.0,75.0
datasets/5seq/seq.fasta,ALLSKY_SFC_SW_DWN_newick,26800_27000,30.0,50.0
datasets/5seq/seq.fasta,T2M_newick,26800_27000,30.0,50.0
datasets/5seq/seq.fasta,QV2M_newick,26800_27000,30.0,50.0
datasets/5seq/seq.fasta,PRECTOTCORR_newick,26800_27000,30.0,50.0
datasets/5seq/seq.fasta,WS10M_newick,26800_27000,30.0,50.0
datasets/5seq/seq.fasta,ALLSKY_SFC_SW_DWN_newick,18400_18600,25.0,50.0
datasets/5seq/seq.fasta,T2M_newick,18400_18600,25.0,50.0
datasets/5seq/seq.fasta,QV2M_newick,18400_18600,25.0,50.0
datasets/5seq/seq.fasta,PRECTOTCORR_newick,18400_18600,25.0,50.0
datasets/5seq/seq.fasta,WS10M_newick,18400_18600,25.0,50.0
datasets/5seq/seq.fasta,ALLSKY_SFC_SW_DWN_newick,27600_27800,30.0,50.0
datasets/5seq/seq.fasta,T2M_newick,27600_27800,30.0,50.0
datasets/5seq/seq.fasta,QV2M_newick,27600_27800,30.0,50.0
datasets/5seq/seq.fasta,PRECTOTCORR_newick,27600_27800,30.0,50.0
datasets/5seq/seq.fasta,WS10M_newick,27600_27800,30.0,50.0
datasets/5seq/seq.fasta,ALLSKY_SFC_SW_DWN_newick,11400_11600,25.0,50.0
datasets/5seq/seq.fasta,T2M_newick,11400_11600,25.0,50.0
datasets/5seq/seq.fasta,QV2M_newick,11400_11600,25.0,50.0
datasets/5seq/seq.fasta,PRECTOTCORR_newick,11400_11600,25.0,50.0
datasets/5seq/seq.fasta,WS10M_newick,11400_11600,25.0,50.0
datasets/5seq/seq.fasta,ALLSKY_SFC_SW_DWN_newick,1400_1600,25.0,50.0
datasets/5seq/seq.fasta,T2M_newick,1400_1600,25.0,50.0
datasets/5seq/seq.fasta,QV2M_newick,1400_1600,25.0,50.0
datasets/5seq/seq.fasta,PRECTOTCORR_newick,1400_1600,25.0,50.0
datasets/5seq/seq.fasta,WS10M_newick,1400_1600,25.0,50.0
datasets/5seq/seq.fasta,ALLSKY_SFC_SW_DWN_newick,6000_6200,25.0,50.0
datasets/5seq/seq.fasta,T2M_newick,6000_6200,25.0,50.0
datasets/5seq/seq.fasta,QV2M_newick,6000_6200,25.0,50.0
datasets/5seq/seq.fasta,PRECTOTCORR_newick,6000_6200,25.0,50.0
datasets/5seq/seq.fasta,WS10M_newick,6000_6200,25.0,50.0
datasets/5seq/seq.fasta,ALLSKY_SFC_SW_DWN_newick,7700_7900,30.0,50.0
datasets/5seq/seq.fasta,T2M_newick,7700_7900,30.0,50.0
datasets/5seq/seq.fasta,QV2M_newick,7700_7900,30.0,50.0
datasets/5seq/seq.fasta,PRECTOTCORR_newick,7700_7900,30.0,50.0
datasets/5seq/seq.fasta,WS10M_newick,7700_7900,30.0,50.0
datasets/5seq/seq.fasta,ALLSKY_SFC_SW_DWN_newick,12800_13000,25.0,50.0
datasets/5seq/seq.fasta,T2M_newick,12800_13000,25.0,50.0
datasets/5seq/seq.fasta,QV2M_newick,12800_13000,25.0,50.0
datasets/5seq/seq.fasta,PRECTOTCORR_newick,12800_13000,25.0,50.0
datasets/5seq/seq.fasta,WS10M_newick,12800_13000,25.0,50.0
datasets/5seq/seq.fasta,ALLSKY_SFC_SW_DWN_newick,6700_6900,10.0,50.0
datasets/5seq/seq.fasta,T2M_newick,6700_6900,10.0,50.0
datasets/5seq/seq.fasta,QV2M_newick,6700_6900,10.0,50.0
datasets/5seq/seq.fasta,PRECTOTCORR_newick,6700_6900,10.0,50.0
datasets/5seq/seq.fasta,WS10M_newick,6700_6900,10.0,50.0
datasets/5seq/seq.fasta,ALLSKY_SFC_SW_DWN_newick,7000_7200,25.0,50.0
datasets/5seq/seq.fasta,T2M_newick,7000_7200,25.0,50.0
datasets/5seq/seq.fasta,QV2M_newick,7000_7200,25.0,50.0
datasets/5seq/seq.fasta,PRECTOTCORR_newick,7000_7200,25.0,50.0
datasets/5seq/seq.fasta,WS10M_newick,7000_7200,25.0,50.0
datasets/5seq/seq.fasta,ALLSKY_SFC_SW_DWN_newick,13600_13800,25.0,50.0
datasets/5seq/seq.fasta,T2M_newick,13600_13800,25.0,50.0
datasets/5seq/seq.fasta,QV2M_newick,13600_13800,25.0,50.0
datasets/5seq/seq.fasta,PRECTOTCORR_newick,13600_13800,25.0,50.0
datasets/5seq/seq.fasta,WS10M_newick,13600_13800,25.0,50.0
datasets/5seq/seq.fasta,ALLSKY_SFC_SW_DWN_newick,25400_25600,25.0,50.0
datasets/5seq/seq.fasta,T2M_newick,25400_25600,25.0,50.0
datasets/5seq/seq.fasta,QV2M_newick,25400_25600,25.0,50.0
datasets/5seq/seq.fasta,PRECTOTCORR_newick,25400_25600,25.0,50.0
datasets/5seq/seq.fasta,WS10M_newick,25400_25600,25.0,50.0
datasets/5seq/seq.fasta,ALLSKY_SFC_SW_DWN_newick,29500_29700,25.0,50.0
datasets/5seq/seq.fasta,T2M_newick,29500_29700,25.0,50.0
datasets/5seq/seq.fasta,QV2M_newick,29500_29700,25.0,50.0
datasets/5seq/seq.fasta,PRECTOTCORR_newick,29500_29700,25.0,50.0
datasets/5seq/seq.fasta,WS10M_newick,29500_29700,25.0,50.0
datasets/5seq/seq.fasta,ALLSKY_SFC_SW_DWN_newick,16700_16900,30.0,50.0
datasets/5seq/seq.fasta,T2M_newick,16700_16900,30.0,50.0
datasets/5seq/seq.fasta,QV2M_newick,16700_16900,30.0,50.0
datasets/5seq/seq.fasta,PRECTOTCORR_newick,16700_16900,30.0,50.0
datasets/5seq/seq.fasta,WS10M_newick,16700_16900,30.0,50.0
datasets/5seq/seq.fasta,ALLSKY_SFC_SW_DWN_newick,20500_20700,30.0,50.0
datasets/5seq/seq.fasta,T2M_newick,20500_20700,30.0,50.0
datasets/5seq/seq.fasta,QV2M_newick,20500_20700,30.0,50.0
datasets/5seq/seq.fasta,PRECTOTCORR_newick,20500_20700,30.0,50.0
datasets/5seq/seq.fasta,WS10M_newick,20500_20700,30.0,50.0
datasets/5seq/seq.fasta,ALLSKY_SFC_SW_DWN_newick,13900_14100,30.0,50.0
datasets/5seq/seq.fasta,T2M_newick,13900_14100,30.0,50.0
datasets/5seq/seq.fasta,QV2M_newick,13900_14100,30.0,50.0
datasets/5seq/seq.fasta,PRECTOTCORR_newick,13900_14100,30.0,50.0
datasets/5seq/seq.fasta,WS10M_newick,13900_14100,30.0,50.0
datasets/5seq/seq.fasta,ALLSKY_SFC_SW_DWN_newick,15000_15200,30.0,50.0
datasets/5seq/seq.fasta,T2M_newick,15000_15200,30.0,50.0
datasets/5seq/seq.fasta,QV2M_newick,15000_15200,30.0,50.0
datasets/5seq/seq.fasta,PRECTOTCORR_newick,15000_15200,30.0,50.0
datasets/5seq/seq.fasta,WS10M_newick,15000_15200,30.0,50.0
datasets/5seq/seq.fasta,ALLSKY_SFC_SW_DWN_newick,8800_9000,30.0,50.0
datasets/5seq/seq.fasta,T2M_newick,8800_9000,30.0,50.0
datasets/5seq/seq.fasta,QV2M_newick,8800_9000,30.0,50.0
datasets/5seq/seq.fasta,PRECTOTCORR_newick,8800_9000,30.0,50.0
datasets/5seq/seq.fasta,WS10M_newick,8800_9000,30.0,50.0
datasets/5seq/seq.fasta,ALLSKY_SFC_SW_DWN_newick,15300_15500,30.0,50.0
datasets/5seq/seq.fasta,T2M_newick,15300_15500,30.0,50.0
datasets/5seq/seq.fasta,QV2M_newick,15300_15500,30.0,50.0
datasets/5seq/seq.fasta,PRECTOTCORR_newick,15300_15500,30.0,50.0
datasets/5seq/seq.fasta,WS10M_newick,15300_15500,30.0,50.0
datasets/5seq/seq.fasta,ALLSKY_SFC_SW_DWN_newick,2800_3000,25.0,50.0
datasets/5seq/seq.fasta,T2M_newick,2800_3000,25.0,50.0
datasets/5seq/seq.fasta,QV2M_newick,2800_3000,25.0,50.0
datasets/5seq/seq.fasta,PRECTOTCORR_newick,2800_3000,25.0,50.0
datasets/5seq/seq.fasta,WS10M_newick,2800_3000,25.0,50.0
datasets/5seq/seq.fasta,ALLSKY_SFC_SW_DWN_newick,10100_10300,25.0,50.0
datasets/5seq/seq.fasta,T2M_newick,10100_10300,25.0,50.0
datasets/5seq/seq.fasta,QV2M_newick,10100_10300,25.0,50.0
datasets/5seq/seq.fasta,PRECTOTCORR_newick,10100_10300,25.0,50.0
datasets/5seq/seq.fasta,WS10M_newick,10100_10300,25.0,50.0
datasets/5seq/seq.fasta,ALLSKY_SFC_SW_DWN_newick,19200_19400,30.0,50.0
datasets/5seq/seq.fasta,T2M_newick,19200_19400,30.0,50.0
datasets/5seq/seq.fasta,QV2M_newick,19200_19400,30.0,50.0
datasets/5seq/seq.fasta,PRECTOTCORR_newick,19200_19400,30.0,50.0
datasets/5seq/seq.fasta,WS10M_newick,19200_19400,30.0,50.0
datasets/5seq/seq.fasta,ALLSKY_SFC_SW_DWN_newick,19100_19300,25.0,50.0
datasets/5seq/seq.fasta,T2M_newick,19100_19300,25.0,50.0
datasets/5seq/seq.fasta,QV2M_newick,19100_19300,25.0,50.0
datasets/5seq/seq.fasta,PRECTOTCORR_newick,19100_19300,25.0,50.0
datasets/5seq/seq.fasta,WS10M_newick,19100_19300,25.0,50.0
datasets/5seq/seq.fasta,ALLSKY_SFC_SW_DWN_newick,10200_10400,10.0,50.0
datasets/5seq/seq.fasta,T2M_newick,10200_10400,10.0,50.0
datasets/5seq/seq.fasta,QV2M_newick,10200_10400,10.0,50.0
datasets/5seq/seq.fasta,PRECTOTCORR_newick,10200_10400,10.0,50.0
datasets/5seq/seq.fasta,WS10M_newick,10200_10400,10.0,50.0
datasets/5seq/seq.fasta,ALLSKY_SFC_SW_DWN_newick,1600_1800,30.0,50.0
datasets/5seq/seq.fasta,T2M_newick,1600_1800,30.0,50.0
datasets/5seq/seq.fasta,QV2M_newick,1600_1800,30.0,50.0
datasets/5seq/seq.fasta,PRECTOTCORR_newick,1600_1800,30.0,50.0
datasets/5seq/seq.fasta,WS10M_newick,1600_1800,30.0,50.0
datasets/5seq/seq.fasta,ALLSKY_SFC_SW_DWN_newick,12600_12800,30.0,50.0
datasets/5seq/seq.fasta,T2M_newick,12600_12800,30.0,50.0
datasets/5seq/seq.fasta,QV2M_newick,12600_12800,30.0,50.0
datasets/5seq/seq.fasta,PRECTOTCORR_newick,12600_12800,30.0,50.0
datasets/5seq/seq.fasta,WS10M_newick,12600_12800,30.0,50.0
datasets/5seq/seq.fasta,ALLSKY_SFC_SW_DWN_newick,24400_24600,85.0,75.0
datasets/5seq/seq.fasta,T2M_newick,24400_24600,85.0,75.0
datasets/5seq/seq.fasta,QV2M_newick,24400_24600,85.0,75.0
datasets/5seq/seq.fasta,PRECTOTCORR_newick,24400_24600,85.0,75.0
datasets/5seq/seq.fasta,WS10M_newick,24400_24600,85.0,75.0
datasets/5seq/seq.fasta,ALLSKY_SFC_SW_DWN_newick,1100_1300,25.0,50.0
datasets/5seq/seq.fasta,T2M_newick,1100_1300,25.0,50.0
datasets/5seq/seq.fasta,QV2M_newick,1100_1300,25.0,50.0
datasets/5seq/seq.fasta,PRECTOTCORR_newick,1100_1300,25.0,50.0
datasets/5seq/seq.fasta,WS10M_newick,1100_1300,25.0,50.0
datasets/5seq/seq.fasta,ALLSKY_SFC_SW_DWN_newick,16900_17100,30.0,50.0
datasets/5seq/seq.fasta,T2M_newick,16900_17100,30.0,50.0
datasets/5seq/seq.fasta,QV2M_newick,16900_17100,30.0,50.0
datasets/5seq/seq.fasta,PRECTOTCORR_newick,16900_17100,30.0,50.0
datasets/5seq/seq.fasta,WS10M_newick,16900_17100,30.0,50.0
datasets/5seq/seq.fasta,ALLSKY_SFC_SW_DWN_newick,28500_28700,25.0,50.0
datasets/5seq/seq.fasta,T2M_newick,28500_28700,25.0,50.0
datasets/5seq/seq.fasta,QV2M_newick,28500_28700,25.0,50.0
datasets/5seq/seq.fasta,PRECTOTCORR_newick,28500_28700,25.0,50.0
datasets/5seq/seq.fasta,WS10M_newick,28500_28700,25.0,50.0
datasets/5seq/seq.fasta,ALLSKY_SFC_SW_DWN_newick,17700_17900,30.0,50.0
datasets/5seq/seq.fasta,T2M_newick,17700_17900,30.0,50.0
datasets/5seq/seq.fasta,QV2M_newick,17700_17900,30.0,50.0
datasets/5seq/seq.fasta,PRECTOTCORR_newick,17700_17900,30.0,50.0
datasets/5seq/seq.fasta,WS10M_newick,17700_17900,30.0,50.0
datasets/5seq/seq.fasta,ALLSKY_SFC_SW_DWN_newick,21500_21700,10.0,50.0
datasets/5seq/seq.fasta,T2M_newick,21500_21700,10.0,50.0
datasets/5seq/seq.fasta,QV2M_newick,21500_21700,10.0,50.0
datasets/5seq/seq.fasta,PRECTOTCORR_newick,21500_21700,10.0,50.0
datasets/5seq/seq.fasta,WS10M_newick,21500_21700,10.0,50.0
datasets/5seq/seq.fasta,ALLSKY_SFC_SW_DWN_newick,1900_2100,25.0,50.0
datasets/5seq/seq.fasta,T2M_newick,1900_2100,25.0,50.0
datasets/5seq/seq.fasta,QV2M_newick,1900_2100,25.0,50.0
datasets/5seq/seq.fasta,PRECTOTCORR_newick,1900_2100,25.0,50.0
datasets/5seq/seq.fasta,WS10M_newick,1900_2100,25.0,50.0
datasets/5seq/seq.fasta,ALLSKY_SFC_SW_DWN_newick,14000_14200,25.0,50.0
datasets/5seq/seq.fasta,T2M_newick,14000_14200,25.0,50.0
datasets/5seq/seq.fasta,QV2M_newick,14000_14200,25.0,50.0
datasets/5seq/seq.fasta,PRECTOTCORR_newick,14000_14200,25.0,50.0
datasets/5seq/seq.fasta,WS10M_newick,14000_14200,25.0,50.0
datasets/5seq/seq.fasta,ALLSKY_SFC_SW_DWN_newick,14300_14500,25.0,50.0
datasets/5seq/seq.fasta,T2M_newick,14300_14500,25.0,50.0
datasets/5seq/seq.fasta,QV2M_newick,14300_14500,25.0,50.0
datasets/5seq/seq.fasta,PRECTOTCORR_newick,14300_14500,25.0,50.0
datasets/5seq/seq.fasta,WS10M_newick,14300_14500,25.0,50.0
datasets/5seq/seq.fasta,ALLSKY_SFC_SW_DWN_newick,11100_11300,10.0,50.0
datasets/5seq/seq.fasta,T2M_newick,11100_11300,10.0,50.0
datasets/5seq/seq.fasta,QV2M_newick,11100_11300,10.0,50.0
datasets/5seq/seq.fasta,PRECTOTCORR_newick,11100_11300,10.0,50.0
datasets/5seq/seq.fasta,WS10M_newick,11100_11300,10.0,50.0
datasets/5seq/seq.fasta,ALLSKY_SFC_SW_DWN_newick,4900_5100,25.0,50.0
datasets/5seq/seq.fasta,T2M_newick,4900_5100,25.0,50.0
datasets/5seq/seq.fasta,QV2M_newick,4900_5100,25.0,50.0
datasets/5seq/seq.fasta,PRECTOTCORR_newick,4900_5100,25.0,50.0
datasets/5seq/seq.fasta,WS10M_newick,4900_5100,25.0,50.0
datasets/5seq/seq.fasta,ALLSKY_SFC_SW_DWN_newick,18200_18400,25.0,50.0
datasets/5seq/seq.fasta,T2M_newick,18200_18400,25.0,50.0
datasets/5seq/seq.fasta,QV2M_newick,18200_18400,25.0,50.0
datasets/5seq/seq.fasta,PRECTOTCORR_newick,18200_18400,25.0,50.0
datasets/5seq/seq.fasta,WS10M_newick,18200_18400,25.0,50.0
datasets/5seq/seq.fasta,ALLSKY_SFC_SW_DWN_newick,900_1100,85.0,75.0
datasets/5seq/seq.fasta,T2M_newick,900_1100,85.0,75.0
datasets/5seq/seq.fasta,QV2M_newick,900_1100,85.0,75.0
datasets/5seq/seq.fasta,PRECTOTCORR_newick,900_1100,85.0,75.0
datasets/5seq/seq.fasta,WS10M_newick,900_1100,85.0,75.0
datasets/5seq/seq.fasta,ALLSKY_SFC_SW_DWN_newick,18100_18300,25.0,50.0
datasets/5seq/seq.fasta,T2M_newick,18100_18300,25.0,50.0
datasets/5seq/seq.fasta,QV2M_newick,18100_18300,25.0,50.0
datasets/5seq/seq.fasta,PRECTOTCORR_newick,18100_18300,25.0,50.0
datasets/5seq/seq.fasta,WS10M_newick,18100_18300,25.0,50.0
datasets/5seq/seq.fasta,ALLSKY_SFC_SW_DWN_newick,11200_11400,25.0,50.0
datasets/5seq/seq.fasta,T2M_newick,11200_11400,25.0,50.0
datasets/5seq/seq.fasta,QV2M_newick,11200_11400,25.0,50.0
datasets/5seq/seq.fasta,PRECTOTCORR_newick,11200_11400,25.0,50.0
datasets/5seq/seq.fasta,WS10M_newick,11200_11400,25.0,50.0
datasets/5seq/seq.fasta,ALLSKY_SFC_SW_DWN_newick,25100_25300,30.0,50.0
datasets/5seq/seq.fasta,T2M_newick,25100_25300,30.0,50.0
datasets/5seq/seq.fasta,QV2M_newick,25100_25300,30.0,50.0
datasets/5seq/seq.fasta,PRECTOTCORR_newick,25100_25300,30.0,50.0
datasets/5seq/seq.fasta,WS10M_newick,25100_25300,30.0,50.0
datasets/5seq/seq.fasta,ALLSKY_SFC_SW_DWN_newick,2300_2500,25.0,50.0
datasets/5seq/seq.fasta,T2M_newick,2300_2500,25.0,50.0
datasets/5seq/seq.fasta,QV2M_newick,2300_2500,25.0,50.0
datasets/5seq/seq.fasta,PRECTOTCORR_newick,2300_2500,25.0,50.0
datasets/5seq/seq.fasta,WS10M_newick,2300_2500,25.0,50.0
datasets/5seq/seq.fasta,ALLSKY_SFC_SW_DWN_newick,3300_3500,25.0,50.0
datasets/5seq/seq.fasta,T2M_newick,3300_3500,25.0,50.0
datasets/5seq/seq.fasta,QV2M_newick,3300_3500,25.0,50.0
datasets/5seq/seq.fasta,PRECTOTCORR_newick,3300_3500,25.0,50.0
datasets/5seq/seq.fasta,WS10M_newick,3300_3500,25.0,50.0
datasets/5seq/seq.fasta,ALLSKY_SFC_SW_DWN_newick,25200_25400,25.0,50.0
datasets/5seq/seq.fasta,T2M_newick,25200_25400,25.0,50.0
datasets/5seq/seq.fasta,QV2M_newick,25200_25400,25.0,50.0
datasets/5seq/seq.fasta,PRECTOTCORR_newick,25200_25400,25.0,50.0
datasets/5seq/seq.fasta,WS10M_newick,25200_25400,25.0,50.0
datasets/5seq/seq.fasta,ALLSKY_SFC_SW_DWN_newick,20000_20200,25.0,50.0
datasets/5seq/seq.fasta,T2M_newick,20000_20200,25.0,50.0
datasets/5seq/seq.fasta,QV2M_newick,20000_20200,25.0,50.0
datasets/5seq/seq.fasta,PRECTOTCORR_newick,20000_20200,25.0,50.0
datasets/5seq/seq.fasta,WS10M_newick,20000_20200,25.0,50.0
datasets/5seq/seq.fasta,ALLSKY_SFC_SW_DWN_newick,9300_9500,30.0,50.0
datasets/5seq/seq.fasta,T2M_newick,9300_9500,30.0,50.0
datasets/5seq/seq.fasta,QV2M_newick,9300_9500,30.0,50.0
datasets/5seq/seq.fasta,PRECTOTCORR_newick,9300_9500,30.0,50.0
datasets/5seq/seq.fasta,WS10M_newick,9300_9500,30.0,50.0
datasets/5seq/seq.fasta,ALLSKY_SFC_SW_DWN_newick,29300_29500,10.0,50.0
datasets/5seq/seq.fasta,T2M_newick,29300_29500,10.0,50.0
datasets/5seq/seq.fasta,QV2M_newick,29300_29500,10.0,50.0
datasets/5seq/seq.fasta,PRECTOTCORR_newick,29300_29500,10.0,50.0
datasets/5seq/seq.fasta,WS10M_newick,29300_29500,10.0,50.0
datasets/5seq/seq.fasta,ALLSKY_SFC_SW_DWN_newick,8300_8500,30.0,50.0
datasets/5seq/seq.fasta,T2M_newick,8300_8500,30.0,50.0
datasets/5seq/seq.fasta,QV2M_newick,8300_8500,30.0,50.0
datasets/5seq/seq.fasta,PRECTOTCORR_newick,8300_8500,30.0,50.0
datasets/5seq/seq.fasta,WS10M_newick,8300_8500,30.0,50.0
datasets/5seq/seq.fasta,ALLSKY_SFC_SW_DWN_newick,29000_29200,25.0,50.0
datasets/5seq/seq.fasta,T2M_newick,29000_29200,25.0,50.0
datasets/5seq/seq.fasta,QV2M_newick,29000_29200,25.0,50.0
datasets/5seq/seq.fasta,PRECTOTCORR_newick,29000_29200,25.0,50.0
datasets/5seq/seq.fasta,WS10M_newick,29000_29200,25.0,50.0
datasets/5seq/seq.fasta,ALLSKY_SFC_SW_DWN_newick,20300_20500,25.0,50.0
datasets/5seq/seq.fasta,T2M_newick,20300_20500,25.0,50.0
datasets/5seq/seq.fasta,QV2M_newick,20300_20500,25.0,50.0
datasets/5seq/seq.fasta,PRECTOTCORR_newick,20300_20500,25.0,50.0
datasets/5seq/seq.fasta,WS10M_newick,20300_20500,25.0,50.0
datasets/5seq/seq.fasta,ALLSKY_SFC_SW_DWN_newick,22900_23100,65.0,75.0
datasets/5seq/seq.fasta,T2M_newick,22900_23100,65.0,75.0
datasets/5seq/seq.fasta,QV2M_newick,22900_23100,65.0,75.0
datasets/5seq/seq.fasta,PRECTOTCORR_newick,22900_23100,65.0,75.0
datasets/5seq/seq.fasta,WS10M_newick,22900_23100,65.0,75.0
datasets/5seq/seq.fasta,ALLSKY_SFC_SW_DWN_newick,23700_23900,100.0,100.0
datasets/5seq/seq.fasta,T2M_newick,23700_23900,100.0,100.0
datasets/5seq/seq.fasta,QV2M_newick,23700_23900,100.0,100.0
datasets/5seq/seq.fasta,PRECTOTCORR_newick,23700_23900,100.0,100.0
datasets/5seq/seq.fasta,WS10M_newick,23700_23900,100.0,100.0
datasets/5seq/seq.fasta,ALLSKY_SFC_SW_DWN_newick,15500_15700,25.0,50.0
datasets/5seq/seq.fasta,T2M_newick,15500_15700,25.0,50.0
datasets/5seq/seq.fasta,QV2M_newick,15500_15700,25.0,50.0
datasets/5seq/seq.fasta,PRECTOTCORR_newick,15500_15700,25.0,50.0
datasets/5seq/seq.fasta,WS10M_newick,15500_15700,25.0,50.0
datasets/5seq/seq.fasta,ALLSKY_SFC_SW_DWN_newick,6500_6700,25.0,50.0
datasets/5seq/seq.fasta,T2M_newick,6500_6700,25.0,50.0
datasets/5seq/seq.fasta,QV2M_newick,6500_6700,25.0,50.0
datasets/5seq/seq.fasta,PRECTOTCORR_newick,6500_6700,25.0,50.0
datasets/5seq/seq.fasta,WS10M_newick,6500_6700,25.0,50.0
datasets/5seq/seq.fasta,ALLSKY_SFC_SW_DWN_newick,19400_19600,25.0,50.0
datasets/5seq/seq.fasta,T2M_newick,19400_19600,25.0,50.0
datasets/5seq/seq.fasta,QV2M_newick,19400_19600,25.0,50.0
datasets/5seq/seq.fasta,PRECTOTCORR_newick,19400_19600,25.0,50.0
datasets/5seq/seq.fasta,WS10M_newick,19400_19600,25.0,50.0
datasets/5seq/seq.fasta,ALLSKY_SFC_SW_DWN_newick,7500_7700,10.0,50.0
datasets/5seq/seq.fasta,T2M_newick,7500_7700,10.0,50.0
datasets/5seq/seq.fasta,QV2M_newick,7500_7700,10.0,50.0
datasets/5seq/seq.fasta,PRECTOTCORR_newick,7500_7700,10.0,50.0
datasets/5seq/seq.fasta,WS10M_newick,7500_7700,10.0,50.0
datasets/5seq/seq.fasta,ALLSKY_SFC_SW_DWN_newick,26600_26800,25.0,50.0
datasets/5seq/seq.fasta,T2M_newick,26600_26800,25.0,50.0
datasets/5seq/seq.fasta,QV2M_newick,26600_26800,25.0,50.0
datasets/5seq/seq.fasta,PRECTOTCORR_newick,26600_26800,25.0,50.0
datasets/5seq/seq.fasta,WS10M_newick,26600_26800,25.0,50.0
datasets/5seq/seq.fasta,ALLSKY_SFC_SW_DWN_newick,10400_10600,25.0,50.0
datasets/5seq/seq.fasta,T2M_newick,10400_10600,25.0,50.0
datasets/5seq/seq.fasta,QV2M_newick,10400_10600,25.0,50.0
datasets/5seq/seq.fasta,PRECTOTCORR_newick,10400_10600,25.0,50.0
datasets/5seq/seq.fasta,WS10M_newick,10400_10600,25.0,50.0
datasets/5seq/seq.fasta,ALLSKY_SFC_SW_DWN_newick,23800_24000,15.0,50.0
datasets/5seq/seq.fasta,T2M_newick,23800_24000,15.0,50.0
datasets/5seq/seq.fasta,QV2M_newick,23800_24000,15.0,50.0
datasets/5seq/seq.fasta,PRECTOTCORR_newick,23800_24000,15.0,50.0
datasets/5seq/seq.fasta,WS10M_newick,23800_24000,15.0,50.0
datasets/5seq/seq.fasta,ALLSKY_SFC_SW_DWN_newick,2900_3100,30.0,50.0
datasets/5seq/seq.fasta,T2M_newick,2900_3100,30.0,50.0
datasets/5seq/seq.fasta,QV2M_newick,2900_3100,30.0,50.0
datasets/5seq/seq.fasta,PRECTOTCORR_newick,2900_3100,30.0,50.0
datasets/5seq/seq.fasta,WS10M_newick,2900_3100,30.0,50.0
datasets/5seq/seq.fasta,ALLSKY_SFC_SW_DWN_newick,19600_19800,30.0,50.0
datasets/5seq/seq.fasta,T2M_newick,19600_19800,30.0,50.0
datasets/5seq/seq.fasta,QV2M_newick,19600_19800,30.0,50.0
datasets/5seq/seq.fasta,PRECTOTCORR_newick,19600_19800,30.0,50.0
datasets/5seq/seq.fasta,WS10M_newick,19600_19800,30.0,50.0
datasets/5seq/seq.fasta,ALLSKY_SFC_SW_DWN_newick,10600_10800,25.0,50.0
datasets/5seq/seq.fasta,T2M_newick,10600_10800,25.0,50.0
datasets/5seq/seq.fasta,QV2M_newick,10600_10800,25.0,50.0
datasets/5seq/seq.fasta,PRECTOTCORR_newick,10600_10800,25.0,50.0
datasets/5seq/seq.fasta,WS10M_newick,10600_10800,25.0,50.0
datasets/5seq/seq.fasta,ALLSKY_SFC_SW_DWN_newick,17900_18100,25.0,50.0
datasets/5seq/seq.fasta,T2M_newick,17900_18100,25.0,50.0
datasets/5seq/seq.fasta,QV2M_newick,17900_18100,25.0,50.0
datasets/5seq/seq.fasta,PRECTOTCORR_newick,17900_18100,25.0,50.0
datasets/5seq/seq.fasta,WS10M_newick,17900_18100,25.0,50.0
datasets/5seq/seq.fasta,ALLSKY_SFC_SW_DWN_newick,18800_19000,30.0,50.0
datasets/5seq/seq.fasta,T2M_newick,18800_19000,30.0,50.0
datasets/5seq/seq.fasta,QV2M_newick,18800_19000,30.0,50.0
datasets/5seq/seq.fasta,PRECTOTCORR_newick,18800_19000,30.0,50.0
datasets/5seq/seq.fasta,WS10M_newick,18800_19000,30.0,50.0
datasets/5seq/seq.fasta,ALLSKY_SFC_SW_DWN_newick,26400_26600,25.0,50.0
datasets/5seq/seq.fasta,T2M_newick,26400_26600,25.0,50.0
datasets/5seq/seq.fasta,QV2M_newick,26400_26600,25.0,50.0
datasets/5seq/seq.fasta,PRECTOTCORR_newick,26400_26600,25.0,50.0
datasets/5seq/seq.fasta,WS10M_newick,26400_26600,25.0,50.0
datasets/5seq/seq.fasta,ALLSKY_SFC_SW_DWN_newick,14900_15100,30.0,50.0
datasets/5seq/seq.fasta,T2M_newick,14900_15100,30.0,50.0
datasets/5seq/seq.fasta,QV2M_newick,14900_15100,30.0,50.0
datasets/5seq/seq.fasta,PRECTOTCORR_newick,14900_15100,30.0,50.0
datasets/5seq/seq.fasta,WS10M_newick,14900_15100,30.0,50.0
datasets/5seq/seq.fasta,ALLSKY_SFC_SW_DWN_newick,15700_15900,25.0,50.0
datasets/5seq/seq.fasta,T2M_newick,15700_15900,25.0,50.0
datasets/5seq/seq.fasta,QV2M_newick,15700_15900,25.0,50.0
datasets/5seq/seq.fasta,PRECTOTCORR_newick,15700_15900,25.0,50.0
datasets/5seq/seq.fasta,WS10M_newick,15700_15900,25.0,50.0
datasets/5seq/seq.fasta,ALLSKY_SFC_SW_DWN_newick,8900_9100,30.0,50.0
datasets/5seq/seq.fasta,T2M_newick,8900_9100,30.0,50.0
datasets/5seq/seq.fasta,QV2M_newick,8900_9100,30.0,50.0
datasets/5seq/seq.fasta,PRECTOTCORR_newick,8900_9100,30.0,50.0
datasets/5seq/seq.fasta,WS10M_newick,8900_9100,30.0,50.0
datasets/5seq/seq.fasta,ALLSKY_SFC_SW_DWN_newick,9800_10000,10.0,50.0
datasets/5seq/seq.fasta,T2M_newick,9800_10000,10.0,50.0
datasets/5seq/seq.fasta,QV2M_newick,9800_10000,10.0,50.0
datasets/5seq/seq.fasta,PRECTOTCORR_newick,9800_10000,10.0,50.0
datasets/5seq/seq.fasta,WS10M_newick,9800_10000,10.0,50.0
datasets/5seq/seq.fasta,ALLSKY_SFC_SW_DWN_newick,23500_23700,60.0,75.0
datasets/5seq/seq.fasta,T2M_newick,23500_23700,60.0,75.0
datasets/5seq/seq.fasta,QV2M_newick,23500_23700,60.0,75.0
datasets/5seq/seq.fasta,PRECTOTCORR_newick,23500_23700,60.0,75.0
datasets/5seq/seq.fasta,WS10M_newick,23500_23700,60.0,75.0
datasets/5seq/seq.fasta,ALLSKY_SFC_SW_DWN_newick,300_500,25.0,50.0
datasets/5seq/seq.fasta,T2M_newick,300_500,25.0,50.0
datasets/5seq/seq.fasta,QV2M_newick,300_500,25.0,50.0
datasets/5seq/seq.fasta,PRECTOTCORR_newick,300_500,25.0,50.0
datasets/5seq/seq.fasta,WS10M_newick,300_500,25.0,50.0
datasets/5seq/seq.fasta,ALLSKY_SFC_SW_DWN_newick,16000_16200,50.0,75.0
datasets/5seq/seq.fasta,T2M_newick,16000_16200,50.0,75.0
datasets/5seq/seq.fasta,QV2M_newick,16000_16200,50.0,75.0
datasets/5seq/seq.fasta,PRECTOTCORR_newick,16000_16200,50.0,75.0
datasets/5seq/seq.fasta,WS10M_newick,16000_16200,50.0,75.0
datasets/5seq/seq.fasta,ALLSKY_SFC_SW_DWN_newick,16300_16500,30.0,50.0
datasets/5seq/seq.fasta,T2M_newick,16300_16500,30.0,50.0
datasets/5seq/seq.fasta,QV2M_newick,16300_16500,30.0,50.0
datasets/5seq/seq.fasta,PRECTOTCORR_newick,16300_16500,30.0,50.0
datasets/5seq/seq.fasta,WS10M_newick,16300_16500,30.0,50.0
datasets/5seq/seq.fasta,ALLSKY_SFC_SW_DWN_newick,6100_6300,25.0,50.0
datasets/5seq/seq.fasta,T2M_newick,6100_6300,25.0,50.0
datasets/5seq/seq.fasta,QV2M_newick,6100_6300,25.0,50.0
datasets/5seq/seq.fasta,PRECTOTCORR_newick,6100_6300,25.0,50.0
datasets/5seq/seq.fasta,WS10M_newick,6100_6300,25.0,50.0
datasets/5seq/seq.fasta,ALLSKY_SFC_SW_DWN_newick,7600_7800,25.0,50.0
datasets/5seq/seq.fasta,T2M_newick,7600_7800,25.0,50.0
datasets/5seq/seq.fasta,QV2M_newick,7600_7800,25.0,50.0
datasets/5seq/seq.fasta,PRECTOTCORR_newick,7600_7800,25.0,50.0
datasets/5seq/seq.fasta,WS10M_newick,7600_7800,25.0,50.0
datasets/5seq/seq.fasta,ALLSKY_SFC_SW_DWN_newick,13100_13300,30.0,50.0
datasets/5seq/seq.fasta,T2M_newick,13100_13300,30.0,50.0
datasets/5seq/seq.fasta,QV2M_newick,13100_13300,30.0,50.0
datasets/5seq/seq.fasta,PRECTOTCORR_newick,13100_13300,30.0,50.0
datasets/5seq/seq.fasta,WS10M_newick,13100_13300,30.0,50.0
datasets/5seq/seq.fasta,ALLSKY_SFC_SW_DWN_newick,21800_22000,10.0,50.0
datasets/5seq/seq.fasta,T2M_newick,21800_22000,10.0,50.0
datasets/5seq/seq.fasta,QV2M_newick,21800_22000,10.0,50.0
datasets/5seq/seq.fasta,PRECTOTCORR_newick,21800_22000,10.0,50.0
datasets/5seq/seq.fasta,WS10M_newick,21800_22000,10.0,50.0
datasets/5seq/seq.fasta,ALLSKY_SFC_SW_DWN_newick,6600_6800,30.0,50.0
datasets/5seq/seq.fasta,T2M_newick,6600_6800,30.0,50.0
datasets/5seq/seq.fasta,QV2M_newick,6600_6800,30.0,50.0
datasets/5seq/seq.fasta,PRECTOTCORR_newick,6600_6800,30.0,50.0
datasets/5seq/seq.fasta,WS10M_newick,6600_6800,30.0,50.0
datasets/5seq/seq.fasta,ALLSKY_SFC_SW_DWN_newick,7100_7300,25.0,50.0
datasets/5seq/seq.fasta,T2M_newick,7100_7300,25.0,50.0
datasets/5seq/seq.fasta,QV2M_newick,7100_7300,25.0,50.0
datasets/5seq/seq.fasta,PRECTOTCORR_newick,7100_7300,25.0,50.0
datasets/5seq/seq.fasta,WS10M_newick,7100_7300,25.0,50.0
datasets/5seq/seq.fasta,ALLSKY_SFC_SW_DWN_newick,13200_13400,25.0,50.0
datasets/5seq/seq.fasta,T2M_newick,13200_13400,25.0,50.0
datasets/5seq/seq.fasta,QV2M_newick,13200_13400,25.0,50.0
datasets/5seq/seq.fasta,PRECTOTCORR_newick,13200_13400,25.0,50.0
datasets/5seq/seq.fasta,WS10M_newick,13200_13400,25.0,50.0
datasets/5seq/seq.fasta,ALLSKY_SFC_SW_DWN_newick,27100_27300,25.0,50.0
datasets/5seq/seq.fasta,T2M_newick,27100_27300,25.0,50.0
datasets/5seq/seq.fasta,QV2M_newick,27100_27300,25.0,50.0
datasets/5seq/seq.fasta,PRECTOTCORR_newick,27100_27300,25.0,50.0
datasets/5seq/seq.fasta,WS10M_newick,27100_27300,25.0,50.0
datasets/5seq/seq.fasta,ALLSKY_SFC_SW_DWN_newick,15800_16000,25.0,50.0
datasets/5seq/seq.fasta,T2M_newick,15800_16000,25.0,50.0
datasets/5seq/seq.fasta,QV2M_newick,15800_16000,25.0,50.0
datasets/5seq/seq.fasta,PRECTOTCORR_newick,15800_16000,25.0,50.0
datasets/5seq/seq.fasta,WS10M_newick,15800_16000,25.0,50.0
datasets/5seq/seq.fasta,ALLSKY_SFC_SW_DWN_newick,27200_27400,25.0,50.0
datasets/5seq/seq.fasta,T2M_newick,27200_27400,25.0,50.0
datasets/5seq/seq.fasta,QV2M_newick,27200_27400,25.0,50.0
datasets/5seq/seq.fasta,PRECTOTCORR_newick,27200_27400,25.0,50.0
datasets/5seq/seq.fasta,WS10M_newick,27200_27400,25.0,50.0
datasets/5seq/seq.fasta,ALLSKY_SFC_SW_DWN_newick,1500_1700,30.0,50.0
datasets/5seq/seq.fasta,T2M_newick,1500_1700,30.0,50.0
datasets/5seq/seq.fasta,QV2M_newick,1500_1700,30.0,50.0
datasets/5seq/seq.fasta,PRECTOTCORR_newick,1500_1700,30.0,50.0
datasets/5seq/seq.fasta,WS10M_newick,1500_1700,30.0,50.0
datasets/5seq/seq.fasta,ALLSKY_SFC_SW_DWN_newick,22000_22200,25.0,50.0
datasets/5seq/seq.fasta,T2M_newick,22000_22200,25.0,50.0
datasets/5seq/seq.fasta,QV2M_newick,22000_22200,25.0,50.0
datasets/5seq/seq.fasta,PRECTOTCORR_newick,22000_22200,25.0,50.0
datasets/5seq/seq.fasta,WS10M_newick,22000_22200,25.0,50.0
datasets/5seq/seq.fasta,ALLSKY_SFC_SW_DWN_newick,22300_22500,25.0,50.0
datasets/5seq/seq.fasta,T2M_newick,22300_22500,25.0,50.0
datasets/5seq/seq.fasta,QV2M_newick,22300_22500,25.0,50.0
datasets/5seq/seq.fasta,PRECTOTCORR_newick,22300_22500,25.0,50.0
datasets/5seq/seq.fasta,WS10M_newick,22300_22500,25.0,50.0
datasets/5seq/seq.fasta,ALLSKY_SFC_SW_DWN_newick,28700_28900,25.0,50.0
datasets/5seq/seq.fasta,T2M_newick,28700_28900,25.0,50.0
datasets/5seq/seq.fasta,QV2M_newick,28700_28900,25.0,50.0
datasets/5seq/seq.fasta,PRECTOTCORR_newick,28700_28900,25.0,50.0
datasets/5seq/seq.fasta,WS10M_newick,28700_28900,25.0,50.0
datasets/5seq/seq.fasta,ALLSKY_SFC_SW_DWN_newick,20900_21100,10.0,50.0
datasets/5seq/seq.fasta,T2M_newick,20900_21100,10.0,50.0
datasets/5seq/seq.fasta,QV2M_newick,20900_21100,10.0,50.0
datasets/5seq/seq.fasta,PRECTOTCORR_newick,20900_21100,10.0,50.0
datasets/5seq/seq.fasta,WS10M_newick,20900_21100,10.0,50.0
datasets/5seq/seq.fasta,ALLSKY_SFC_SW_DWN_newick,21700_21900,10.0,50.0
datasets/5seq/seq.fasta,T2M_newick,21700_21900,10.0,50.0
datasets/5seq/seq.fasta,QV2M_newick,21700_21900,10.0,50.0
datasets/5seq/seq.fasta,PRECTOTCORR_newick,21700_21900,10.0,50.0
datasets/5seq/seq.fasta,WS10M_newick,21700_21900,10.0,50.0
datasets/5seq/seq.fasta,ALLSKY_SFC_SW_DWN_newick,17500_17700,30.0,50.0
datasets/5seq/seq.fasta,T2M_newick,17500_17700,30.0,50.0
datasets/5seq/seq.fasta,QV2M_newick,17500_17700,30.0,50.0
datasets/5seq/seq.fasta,PRECTOTCORR_newick,17500_17700,30.0,50.0
datasets/5seq/seq.fasta,WS10M_newick,17500_17700,30.0,50.0
datasets/5seq/seq.fasta,ALLSKY_SFC_SW_DWN_newick,4300_4500,25.0,50.0
datasets/5seq/seq.fasta,T2M_newick,4300_4500,25.0,50.0
datasets/5seq/seq.fasta,QV2M_newick,4300_4500,25.0,50.0
datasets/5seq/seq.fasta,PRECTOTCORR_newick,4300_4500,25.0,50.0
datasets/5seq/seq.fasta,WS10M_newick,4300_4500,25.0,50.0
datasets/5seq/seq.fasta,ALLSKY_SFC_SW_DWN_newick,24600_24800,25.0,50.0
datasets/5seq/seq.fasta,T2M_newick,24600_24800,25.0,50.0
datasets/5seq/seq.fasta,QV2M_newick,24600_24800,25.0,50.0
datasets/5seq/seq.fasta,PRECTOTCORR_newick,24600_24800,25.0,50.0
datasets/5seq/seq.fasta,WS10M_newick,24600_24800,25.0,50.0
datasets/5seq/seq.fasta,ALLSKY_SFC_SW_DWN_newick,5300_5500,50.0,75.0
datasets/5seq/seq.fasta,T2M_newick,5300_5500,50.0,75.0
datasets/5seq/seq.fasta,QV2M_newick,5300_5500,50.0,75.0
datasets/5seq/seq.fasta,PRECTOTCORR_newick,5300_5500,50.0,75.0
datasets/5seq/seq.fasta,WS10M_newick,5300_5500,50.0,75.0
datasets/5seq/seq.fasta,ALLSKY_SFC_SW_DWN_newick,12400_12600,25.0,50.0
datasets/5seq/seq.fasta,T2M_newick,12400_12600,25.0,50.0
datasets/5seq/seq.fasta,QV2M_newick,12400_12600,25.0,50.0
datasets/5seq/seq.fasta,PRECTOTCORR_newick,12400_12600,25.0,50.0
datasets/5seq/seq.fasta,WS10M_newick,12400_12600,25.0,50.0
datasets/5seq/seq.fasta,ALLSKY_SFC_SW_DWN_newick,6400_6600,30.0,50.0
datasets/5seq/seq.fasta,T2M_newick,6400_6600,30.0,50.0
datasets/5seq/seq.fasta,QV2M_newick,6400_6600,30.0,50.0
datasets/5seq/seq.fasta,PRECTOTCORR_newick,6400_6600,30.0,50.0
datasets/5seq/seq.fasta,WS10M_newick,6400_6600,30.0,50.0
datasets/5seq/seq.fasta,ALLSKY_SFC_SW_DWN_newick,26100_26300,25.0,50.0
datasets/5seq/seq.fasta,T2M_newick,26100_26300,25.0,50.0
datasets/5seq/seq.fasta,QV2M_newick,26100_26300,25.0,50.0
datasets/5seq/seq.fasta,PRECTOTCORR_newick,26100_26300,25.0,50.0
datasets/5seq/seq.fasta,WS10M_newick,26100_26300,25.0,50.0
datasets/5seq/seq.fasta,ALLSKY_SFC_SW_DWN_newick,7400_7600,30.0,50.0
datasets/5seq/seq.fasta,T2M_newick,7400_7600,30.0,50.0
datasets/5seq/seq.fasta,QV2M_newick,7400_7600,30.0,50.0
datasets/5seq/seq.fasta,PRECTOTCORR_newick,7400_7600,30.0,50.0
datasets/5seq/seq.fasta,WS10M_newick,7400_7600,30.0,50.0
datasets/5seq/seq.fasta,ALLSKY_SFC_SW_DWN_newick,26200_26400,25.0,50.0
datasets/5seq/seq.fasta,T2M_newick,26200_26400,25.0,50.0
datasets/5seq/seq.fasta,QV2M_newick,26200_26400,25.0,50.0
datasets/5seq/seq.fasta,PRECTOTCORR_newick,26200_26400,25.0,50.0
datasets/5seq/seq.fasta,WS10M_newick,26200_26400,25.0,50.0
datasets/5seq/seq.fasta,ALLSKY_SFC_SW_DWN_newick,23000_23200,65.0,75.0
datasets/5seq/seq.fasta,T2M_newick,23000_23200,65.0,75.0
datasets/5seq/seq.fasta,QV2M_newick,23000_23200,65.0,75.0
datasets/5seq/seq.fasta,PRECTOTCORR_newick,23000_23200,65.0,75.0
datasets/5seq/seq.fasta,WS10M_newick,23000_23200,65.0,75.0
datasets/5seq/seq.fasta,ALLSKY_SFC_SW_DWN_newick,11900_12100,0.0,50.0
datasets/5seq/seq.fasta,T2M_newick,11900_12100,0.0,50.0
datasets/5seq/seq.fasta,QV2M_newick,11900_12100,0.0,50.0
datasets/5seq/seq.fasta,PRECTOTCORR_newick,11900_12100,0.0,50.0
datasets/5seq/seq.fasta,WS10M_newick,11900_12100,0.0,50.0
datasets/5seq/seq.fasta,ALLSKY_SFC_SW_DWN_newick,23300_23500,25.0,50.0
datasets/5seq/seq.fasta,T2M_newick,23300_23500,25.0,50.0
datasets/5seq/seq.fasta,QV2M_newick,23300_23500,25.0,50.0
datasets/5seq/seq.fasta,PRECTOTCORR_newick,23300_23500,25.0,50.0
datasets/5seq/seq.fasta,WS10M_newick,23300_23500,25.0,50.0
datasets/5seq/seq.fasta,ALLSKY_SFC_SW_DWN_newick,29700_29900,40.0,50.0
datasets/5seq/seq.fasta,T2M_newick,29700_29900,40.0,50.0
datasets/5seq/seq.fasta,QV2M_newick,29700_29900,40.0,50.0
datasets/5seq/seq.fasta,PRECTOTCORR_newick,29700_29900,40.0,50.0
datasets/5seq/seq.fasta,WS10M_newick,29700_29900,40.0,50.0
datasets/5seq/seq.fasta,ALLSKY_SFC_SW_DWN_newick,9200_9400,25.0,50.0
datasets/5seq/seq.fasta,T2M_newick,9200_9400,25.0,50.0
datasets/5seq/seq.fasta,QV2M_newick,9200_9400,25.0,50.0
datasets/5seq/seq.fasta,PRECTOTCORR_newick,9200_9400,25.0,50.0
datasets/5seq/seq.fasta,WS10M_newick,9200_9400,25.0,50.0
datasets/5seq/seq.fasta,ALLSKY_SFC_SW_DWN_newick,8200_8400,30.0,50.0
datasets/5seq/seq.fasta,T2M_newick,8200_8400,30.0,50.0
datasets/5seq/seq.fasta,QV2M_newick,8200_8400,30.0,50.0
datasets/5seq/seq.fasta,PRECTOTCORR_newick,8200_8400,30.0,50.0
datasets/5seq/seq.fasta,WS10M_newick,8200_8400,30.0,50.0
datasets/5seq/seq.fasta,ALLSKY_SFC_SW_DWN_newick,20700_20900,25.0,50.0
datasets/5seq/seq.fasta,T2M_newick,20700_20900,25.0,50.0
datasets/5seq/seq.fasta,QV2M_newick,20700_20900,25.0,50.0
datasets/5seq/seq.fasta,PRECTOTCORR_newick,20700_20900,25.0,50.0
datasets/5seq/seq.fasta,WS10M_newick,20700_20900,25.0,50.0
datasets/5seq/seq.fasta,ALLSKY_SFC_SW_DWN_newick,27800_28000,65.0,75.0
datasets/5seq/seq.fasta,T2M_newick,27800_28000,65.0,75.0
datasets/5seq/seq.fasta,QV2M_newick,27800_28000,65.0,75.0
datasets/5seq/seq.fasta,PRECTOTCORR_newick,27800_28000,65.0,75.0
datasets/5seq/seq.fasta,WS10M_newick,27800_28000,65.0,75.0
datasets/5seq/seq.fasta,ALLSKY_SFC_SW_DWN_newick,28900_29100,85.0,75.0
datasets/5seq/seq.fasta,T2M_newick,28900_29100,85.0,75.0
datasets/5seq/seq.fasta,QV2M_newick,28900_29100,85.0,75.0
datasets/5seq/seq.fasta,PRECTOTCORR_newick,28900_29100,85.0,75.0
datasets/5seq/seq.fasta,WS10M_newick,28900_29100,85.0,75.0
datasets/5seq/seq.fasta,ALLSKY_SFC_SW_DWN_newick,16500_16700,25.0,50.0
datasets/5seq/seq.fasta,T2M_newick,16500_16700,25.0,50.0
datasets/5seq/seq.fasta,QV2M_newick,16500_16700,25.0,50.0
datasets/5seq/seq.fasta,PRECTOTCORR_newick,16500_16700,25.0,50.0
datasets/5seq/seq.fasta,WS10M_newick,16500_16700,25.0,50.0
datasets/5seq/seq.fasta,ALLSKY_SFC_SW_DWN_newick,2200_2400,30.0,50.0
datasets/5seq/seq.fasta,T2M_newick,2200_2400,30.0,50.0
datasets/5seq/seq.fasta,QV2M_newick,2200_2400,30.0,50.0
datasets/5seq/seq.fasta,PRECTOTCORR_newick,2200_2400,30.0,50.0
datasets/5seq/seq.fasta,WS10M_newick,2200_2400,30.0,50.0
datasets/5seq/seq.fasta,ALLSKY_SFC_SW_DWN_newick,24800_25000,65.0,75.0
datasets/5seq/seq.fasta,T2M_newick,24800_25000,65.0,75.0
datasets/5seq/seq.fasta,QV2M_newick,24800_25000,65.0,75.0
datasets/5seq/seq.fasta,PRECTOTCORR_newick,24800_25000,65.0,75.0
datasets/5seq/seq.fasta,WS10M_newick,24800_25000,65.0,75.0
datasets/5seq/seq.fasta,ALLSKY_SFC_SW_DWN_newick,25600_25800,15.0,50.0
datasets/5seq/seq.fasta,T2M_newick,25600_25800,15.0,50.0
datasets/5seq/seq.fasta,QV2M_newick,25600_25800,15.0,50.0
datasets/5seq/seq.fasta,PRECTOTCORR_newick,25600_25800,15.0,50.0
datasets/5seq/seq.fasta,WS10M_newick,25600_25800,15.0,50.0
datasets/5seq/seq.fasta,ALLSKY_SFC_SW_DWN_newick,3200_3400,85.0,75.0
datasets/5seq/seq.fasta,T2M_newick,3200_3400,85.0,75.0
datasets/5seq/seq.fasta,QV2M_newick,3200_3400,85.0,75.0
datasets/5seq/seq.fasta,PRECTOTCORR_newick,3200_3400,85.0,75.0
datasets/5seq/seq.fasta,WS10M_newick,3200_3400,85.0,75.0
datasets/5seq/seq.fasta,ALLSKY_SFC_SW_DWN_newick,13400_13600,60.0,75.0
datasets/5seq/seq.fasta,T2M_newick,13400_13600,60.0,75.0
datasets/5seq/seq.fasta,QV2M_newick,13400_13600,60.0,75.0
datasets/5seq/seq.fasta,PRECTOTCORR_newick,13400_13600,60.0,75.0
datasets/5seq/seq.fasta,WS10M_newick,13400_13600,60.0,75.0
datasets/5seq/seq.fasta,ALLSKY_SFC_SW_DWN_newick,18600_18800,25.0,50.0
datasets/5seq/seq.fasta,T2M_newick,18600_18800,25.0,50.0
datasets/5seq/seq.fasta,QV2M_newick,18600_18800,25.0,50.0
datasets/5seq/seq.fasta,PRECTOTCORR_newick,18600_18800,25.0,50.0
datasets/5seq/seq.fasta,WS10M_newick,18600_18800,25.0,50.0
datasets/5seq/seq.fasta,ALLSKY_SFC_SW_DWN_newick,4800_5000,25.0,50.0
datasets/5seq/seq.fasta,T2M_newick,4800_5000,25.0,50.0
datasets/5seq/seq.fasta,QV2M_newick,4800_5000,25.0,50.0
datasets/5seq/seq.fasta,PRECTOTCORR_newick,4800_5000,25.0,50.0
datasets/5seq/seq.fasta,WS10M_newick,4800_5000,25.0,50.0
datasets/5seq/seq.fasta,ALLSKY_SFC_SW_DWN_newick,800_1000,65.0,75.0
datasets/5seq/seq.fasta,T2M_newick,800_1000,65.0,75.0
datasets/5seq/seq.fasta,QV2M_newick,800_1000,65.0,75.0
datasets/5seq/seq.fasta,PRECTOTCORR_newick,800_1000,65.0,75.0
datasets/5seq/seq.fasta,WS10M_newick,800_1000,65.0,75.0
datasets/5seq/seq.fasta,ALLSKY_SFC_SW_DWN_newick,10800_11000,30.0,50.0
datasets/5seq/seq.fasta,T2M_newick,10800_11000,30.0,50.0
datasets/5seq/seq.fasta,QV2M_newick,10800_11000,30.0,50.0
datasets/5seq/seq.fasta,PRECTOTCORR_newick,10800_11000,30.0,50.0
datasets/5seq/seq.fasta,WS10M_newick,10800_11000,30.0,50.0
datasets/5seq/seq.fasta,ALLSKY_SFC_SW_DWN_newick,11600_11800,25.0,50.0
datasets/5seq/seq.fasta,T2M_newick,11600_11800,25.0,50.0
datasets/5seq/seq.fasta,QV2M_newick,11600_11800,25.0,50.0
datasets/5seq/seq.fasta,PRECTOTCORR_newick,11600_11800,25.0,50.0
datasets/5seq/seq.fasta,WS10M_newick,11600_11800,25.0,50.0
datasets/5seq/seq.fasta,ALLSKY_SFC_SW_DWN_newick,27400_27600,25.0,50.0
datasets/5seq/seq.fasta,T2M_newick,27400_27600,25.0,50.0
datasets/5seq/seq.fasta,QV2M_newick,27400_27600,25.0,50.0
datasets/5seq/seq.fasta,PRECTOTCORR_newick,27400_27600,25.0,50.0
datasets/5seq/seq.fasta,WS10M_newick,27400_27600,25.0,50.0
datasets/5seq/seq.fasta,ALLSKY_SFC_SW_DWN_newick,14700_14900,25.0,50.0
datasets/5seq/seq.fasta,T2M_newick,14700_14900,25.0,50.0
datasets/5seq/seq.fasta,QV2M_newick,14700_14900,25.0,50.0
datasets/5seq/seq.fasta,PRECTOTCORR_newick,14700_14900,25.0,50.0
datasets/5seq/seq.fasta,WS10M_newick,14700_14900,25.0,50.0
datasets/5seq/seq.fasta,ALLSKY_SFC_SW_DWN_newick,22500_22700,25.0,50.0
datasets/5seq/seq.fasta,T2M_newick,22500_22700,25.0,50.0
datasets/5seq/seq.fasta,QV2M_newick,22500_22700,25.0,50.0
datasets/5seq/seq.fasta,PRECTOTCORR_newick,22500_22700,25.0,50.0
datasets/5seq/seq.fasta,WS10M_newick,22500_22700,25.0,50.0
datasets/5seq/seq.fasta,ALLSKY_SFC_SW_DWN_newick,17000_17200,25.0,50.0
datasets/5seq/seq.fasta,T2M_newick,17000_17200,25.0,50.0
datasets/5seq/seq.fasta,QV2M_newick,17000_17200,25.0,50.0
datasets/5seq/seq.fasta,PRECTOTCORR_newick,17000_17200,25.0,50.0
datasets/5seq/seq.fasta,WS10M_newick,17000_17200,25.0,50.0
datasets/5seq/seq.fasta,ALLSKY_SFC_SW_DWN_newick,25900_26100,25.0,50.0
datasets/5seq/seq.fasta,T2M_newick,25900_26100,25.0,50.0
datasets/5seq/seq.fasta,QV2M_newick,25900_26100,25.0,50.0
datasets/5seq/seq.fasta,PRECTOTCORR_newick,25900_26100,25.0,50.0
datasets/5seq/seq.fasta,WS10M_newick,25900_26100,25.0,50.0
datasets/5seq/seq.fasta,ALLSKY_SFC_SW_DWN_newick,1800_2000,25.0,50.0
datasets/5seq/seq.fasta,T2M_newick,1800_2000,25.0,50.0
datasets/5seq/seq.fasta,QV2M_newick,1800_2000,25.0,50.0
datasets/5seq/seq.fasta,PRECTOTCORR_newick,1800_2000,25.0,50.0
datasets/5seq/seq.fasta,WS10M_newick,1800_2000,25.0,50.0
datasets/5seq/seq.fasta,ALLSKY_SFC_SW_DWN_newick,17300_17500,25.0,50.0
datasets/5seq/seq.fasta,T2M_newick,17300_17500,25.0,50.0
datasets/5seq/seq.fasta,QV2M_newick,17300_17500,25.0,50.0
datasets/5seq/seq.fasta,PRECTOTCORR_newick,17300_17500,25.0,50.0
datasets/5seq/seq.fasta,WS10M_newick,17300_17500,25.0,50.0
datasets/5seq/seq.fasta,ALLSKY_SFC_SW_DWN_newick,600_800,25.0,50.0
datasets/5seq/seq.fasta,T2M_newick,600_800,25.0,50.0
datasets/5seq/seq.fasta,QV2M_newick,600_800,25.0,50.0
datasets/5seq/seq.fasta,PRECTOTCORR_newick,600_800,25.0,50.0
datasets/5seq/seq.fasta,WS10M_newick,600_800,25.0,50.0
datasets/5seq/seq.fasta,ALLSKY_SFC_SW_DWN_newick,12100_12300,30.0,50.0
datasets/5seq/seq.fasta,T2M_newick,12100_12300,30.0,50.0
datasets/5seq/seq.fasta,QV2M_newick,12100_12300,30.0,50.0
datasets/5seq/seq.fasta,PRECTOTCORR_newick,12100_12300,30.0,50.0
datasets/5seq/seq.fasta,WS10M_newick,12100_12300,30.0,50.0
datasets/5seq/seq.fasta,ALLSKY_SFC_SW_DWN_newick,1700_1900,25.0,50.0
datasets/5seq/seq.fasta,T2M_newick,1700_1900,25.0,50.0
datasets/5seq/seq.fasta,QV2M_newick,1700_1900,25.0,50.0
datasets/5seq/seq.fasta,PRECTOTCORR_newick,1700_1900,25.0,50.0
datasets/5seq/seq.fasta,WS10M_newick,1700_1900,25.0,50.0
datasets/5seq/seq.fasta,ALLSKY_SFC_SW_DWN_newick,400_600,10.0,50.0
datasets/5seq/seq.fasta,T2M_newick,400_600,10.0,50.0
datasets/5seq/seq.fasta,QV2M_newick,400_600,10.0,50.0
datasets/5seq/seq.fasta,PRECTOTCORR_newick,400_600,10.0,50.0
datasets/5seq/seq.fasta,WS10M_newick,400_600,10.0,50.0
datasets/5seq/seq.fasta,ALLSKY_SFC_SW_DWN_newick,12200_12400,30.0,50.0
datasets/5seq/seq.fasta,T2M_newick,12200_12400,30.0,50.0
datasets/5seq/seq.fasta,QV2M_newick,12200_12400,30.0,50.0
datasets/5seq/seq.fasta,PRECTOTCORR_newick,12200_12400,30.0,50.0
datasets/5seq/seq.fasta,WS10M_newick,12200_12400,30.0,50.0
datasets/5seq/seq.fasta,ALLSKY_SFC_SW_DWN_newick,1000_1200,30.0,50.0
datasets/5seq/seq.fasta,T2M_newick,1000_1200,30.0,50.0
datasets/5seq/seq.fasta,QV2M_newick,1000_1200,30.0,50.0
datasets/5seq/seq.fasta,PRECTOTCORR_newick,1000_1200,30.0,50.0
datasets/5seq/seq.fasta,WS10M_newick,1000_1200,30.0,50.0
datasets/5seq/seq.fasta,ALLSKY_SFC_SW_DWN_newick,3900_4100,60.0,75.0
datasets/5seq/seq.fasta,T2M_newick,3900_4100,60.0,75.0
datasets/5seq/seq.fasta,QV2M_newick,3900_4100,60.0,75.0
datasets/5seq/seq.fasta,PRECTOTCORR_newick,3900_4100,60.0,75.0
datasets/5seq/seq.fasta,WS10M_newick,3900_4100,60.0,75.0
datasets/5seq/seq.fasta,ALLSKY_SFC_SW_DWN_newick,22400_22600,25.0,50.0
datasets/5seq/seq.fasta,T2M_newick,22400_22600,25.0,50.0
datasets/5seq/seq.fasta,QV2M_newick,22400_22600,25.0,50.0
datasets/5seq/seq.fasta,PRECTOTCORR_newick,22400_22600,25.0,50.0
datasets/5seq/seq.fasta,WS10M_newick,22400_22600,25.0,50.0
datasets/5seq/seq.fasta,ALLSKY_SFC_SW_DWN_newick,14600_14800,85.0,75.0
datasets/5seq/seq.fasta,T2M_newick,14600_14800,85.0,75.0
datasets/5seq/seq.fasta,QV2M_newick,14600_14800,85.0,75.0
datasets/5seq/seq.fasta,PRECTOTCORR_newick,14600_14800,85.0,75.0
datasets/5seq/seq.fasta,WS10M_newick,14600_14800,85.0,75.0
datasets/5seq/seq.fasta,ALLSKY_SFC_SW_DWN_newick,10900_11100,25.0,50.0
datasets/5seq/seq.fasta,T2M_newick,10900_11100,25.0,50.0
datasets/5seq/seq.fasta,QV2M_newick,10900_11100,25.0,50.0
datasets/5seq/seq.fasta,PRECTOTCORR_newick,10900_11100,25.0,50.0
datasets/5seq/seq.fasta,WS10M_newick,10900_11100,25.0,50.0
datasets/5seq/seq.fasta,ALLSKY_SFC_SW_DWN_newick,18700_18900,15.0,50.0
datasets/5seq/seq.fasta,T2M_newick,18700_18900,15.0,50.0
datasets/5seq/seq.fasta,QV2M_newick,18700_18900,15.0,50.0
datasets/5seq/seq.fasta,PRECTOTCORR_newick,18700_18900,15.0,50.0
datasets/5seq/seq.fasta,WS10M_newick,18700_18900,15.0,50.0
datasets/5seq/seq.fasta,ALLSKY_SFC_SW_DWN_newick,27500_27700,10.0,50.0
datasets/5seq/seq.fasta,T2M_newick,27500_27700,10.0,50.0
datasets/5seq/seq.fasta,QV2M_newick,27500_27700,10.0,50.0
datasets/5seq/seq.fasta,PRECTOTCORR_newick,27500_27700,10.0,50.0
datasets/5seq/seq.fasta,WS10M_newick,27500_27700,10.0,50.0
datasets/5seq/seq.fasta,ALLSKY_SFC_SW_DWN_newick,1300_1500,25.0,50.0
datasets/5seq/seq.fasta,T2M_newick,1300_1500,25.0,50.0
datasets/5seq/seq.fasta,QV2M_newick,1300_1500,25.0,50.0
datasets/5seq/seq.fasta,PRECTOTCORR_newick,1300_1500,25.0,50.0
datasets/5seq/seq.fasta,WS10M_newick,1300_1500,25.0,50.0
datasets/5seq/seq.fasta,ALLSKY_SFC_SW_DWN_newick,11700_11900,40.0,50.0
datasets/5seq/seq.fasta,T2M_newick,11700_11900,40.0,50.0
datasets/5seq/seq.fasta,QV2M_newick,11700_11900,40.0,50.0
datasets/5seq/seq.fasta,PRECTOTCORR_newick,11700_11900,40.0,50.0
datasets/5seq/seq.fasta,WS10M_newick,11700_11900,40.0,50.0
datasets/5seq/seq.fasta,ALLSKY_SFC_SW_DWN_newick,4500_4700,25.0,50.0
datasets/5seq/seq.fasta,T2M_newick,4500_4700,25.0,50.0
datasets/5seq/seq.fasta,QV2M_newick,4500_4700,25.0,50.0
datasets/5seq/seq.fasta,PRECTOTCORR_newick,4500_4700,25.0,50.0
datasets/5seq/seq.fasta,WS10M_newick,4500_4700,25.0,50.0
datasets/5seq/seq.fasta,ALLSKY_SFC_SW_DWN_newick,12000_12200,10.0,50.0
datasets/5seq/seq.fasta,T2M_newick,12000_12200,10.0,50.0
datasets/5seq/seq.fasta,QV2M_newick,12000_12200,10.0,50.0
datasets/5seq/seq.fasta,PRECTOTCORR_newick,12000_12200,10.0,50.0
datasets/5seq/seq.fasta,WS10M_newick,12000_12200,10.0,50.0
datasets/5seq/seq.fasta,ALLSKY_SFC_SW_DWN_newick,12300_12500,30.0,50.0
datasets/5seq/seq.fasta,T2M_newick,12300_12500,30.0,50.0
datasets/5seq/seq.fasta,QV2M_newick,12300_12500,30.0,50.0
datasets/5seq/seq.fasta,PRECTOTCORR_newick,12300_12500,30.0,50.0
datasets/5seq/seq.fasta,WS10M_newick,12300_12500,30.0,50.0
datasets/5seq/seq.fasta,ALLSKY_SFC_SW_DWN_newick,5500_5700,25.0,50.0
datasets/5seq/seq.fasta,T2M_newick,5500_5700,25.0,50.0
datasets/5seq/seq.fasta,QV2M_newick,5500_5700,25.0,50.0
datasets/5seq/seq.fasta,PRECTOTCORR_newick,5500_5700,25.0,50.0
datasets/5seq/seq.fasta,WS10M_newick,5500_5700,25.0,50.0
datasets/5seq/seq.fasta,ALLSKY_SFC_SW_DWN_newick,25800_26000,25.0,50.0
datasets/5seq/seq.fasta,T2M_newick,25800_26000,25.0,50.0
datasets/5seq/seq.fasta,QV2M_newick,25800_26000,25.0,50.0
datasets/5seq/seq.fasta,PRECTOTCORR_newick,25800_26000,25.0,50.0
datasets/5seq/seq.fasta,WS10M_newick,25800_26000,25.0,50.0
datasets/5seq/seq.fasta,ALLSKY_SFC_SW_DWN_newick,17100_17300,25.0,50.0
datasets/5seq/seq.fasta,T2M_newick,17100_17300,25.0,50.0
datasets/5seq/seq.fasta,QV2M_newick,17100_17300,25.0,50.0
datasets/5seq/seq.fasta,PRECTOTCORR_newick,17100_17300,25.0,50.0
datasets/5seq/seq.fasta,WS10M_newick,17100_17300,25.0,50.0
datasets/5seq/seq.fasta,ALLSKY_SFC_SW_DWN_newick,17200_17400,15.0,50.0
datasets/5seq/seq.fasta,T2M_newick,17200_17400,15.0,50.0
datasets/5seq/seq.fasta,QV2M_newick,17200_17400,15.0,50.0
datasets/5seq/seq.fasta,PRECTOTCORR_newick,17200_17400,15.0,50.0
datasets/5seq/seq.fasta,WS10M_newick,17200_17400,15.0,50.0
datasets/5seq/seq.fasta,ALLSKY_SFC_SW_DWN_newick,11800_12000,10.0,50.0
datasets/5seq/seq.fasta,T2M_newick,11800_12000,10.0,50.0
datasets/5seq/seq.fasta,QV2M_newick,11800_12000,10.0,50.0
datasets/5seq/seq.fasta,PRECTOTCORR_newick,11800_12000,10.0,50.0
datasets/5seq/seq.fasta,WS10M_newick,11800_12000,10.0,50.0
datasets/5seq/seq.fasta,ALLSKY_SFC_SW_DWN_newick,7800_8000,30.0,50.0
datasets/5seq/seq.fasta,T2M_newick,7800_8000,30.0,50.0
datasets/5seq/seq.fasta,QV2M_newick,7800_8000,30.0,50.0
datasets/5seq/seq.fasta,PRECTOTCORR_newick,7800_8000,30.0,50.0
datasets/5seq/seq.fasta,WS10M_newick,7800_8000,30.0,50.0
datasets/5seq/seq.fasta,ALLSKY_SFC_SW_DWN_newick,23100_23300,85.0,75.0
datasets/5seq/seq.fasta,T2M_newick,23100_23300,85.0,75.0
datasets/5seq/seq.fasta,QV2M_newick,23100_23300,85.0,75.0
datasets/5seq/seq.fasta,PRECTOTCORR_newick,23100_23300,85.0,75.0
datasets/5seq/seq.fasta,WS10M_newick,23100_23300,85.0,75.0
datasets/5seq/seq.fasta,ALLSKY_SFC_SW_DWN_newick,8600_8800,25.0,50.0
datasets/5seq/seq.fasta,T2M_newick,8600_8800,25.0,50.0
datasets/5seq/seq.fasta,QV2M_newick,8600_8800,25.0,50.0
datasets/5seq/seq.fasta,PRECTOTCORR_newick,8600_8800,25.0,50.0
datasets/5seq/seq.fasta,WS10M_newick,8600_8800,25.0,50.0
datasets/5seq/seq.fasta,ALLSKY_SFC_SW_DWN_newick,9100_9300,25.0,50.0
datasets/5seq/seq.fasta,T2M_newick,9100_9300,25.0,50.0
datasets/5seq/seq.fasta,QV2M_newick,9100_9300,25.0,50.0
datasets/5seq/seq.fasta,PRECTOTCORR_newick,9100_9300,25.0,50.0
datasets/5seq/seq.fasta,WS10M_newick,9100_9300,25.0,50.0
datasets/5seq/seq.fasta,ALLSKY_SFC_SW_DWN_newick,23200_23400,65.0,75.0
datasets/5seq/seq.fasta,T2M_newick,23200_23400,65.0,75.0
datasets/5seq/seq.fasta,QV2M_newick,23200_23400,65.0,75.0
datasets/5seq/seq.fasta,PRECTOTCORR_newick,23200_23400,65.0,75.0
datasets/5seq/seq.fasta,WS10M_newick,23200_23400,65.0,75.0
datasets/5seq/seq.fasta,ALLSKY_SFC_SW_DWN_newick,8100_8300,10.0,50.0
datasets/5seq/seq.fasta,T2M_newick,8100_8300,10.0,50.0
datasets/5seq/seq.fasta,QV2M_newick,8100_8300,10.0,50.0
datasets/5seq/seq.fasta,PRECTOTCORR_newick,8100_8300,10.0,50.0
datasets/5seq/seq.fasta,WS10M_newick,8100_8300,10.0,50.0
datasets/5seq/seq.fasta,ALLSKY_SFC_SW_DWN_newick,9600_9800,25.0,50.0
datasets/5seq/seq.fasta,T2M_newick,9600_9800,25.0,50.0
datasets/5seq/seq.fasta,QV2M_newick,9600_9800,25.0,50.0
datasets/5seq/seq.fasta,PRECTOTCORR_newick,9600_9800,25.0,50.0
datasets/5seq/seq.fasta,WS10M_newick,9600_9800,25.0,50.0
datasets/5seq/seq.fasta,ALLSKY_SFC_SW_DWN_newick,2100_2300,25.0,50.0
datasets/5seq/seq.fasta,T2M_newick,2100_2300,25.0,50.0
datasets/5seq/seq.fasta,QV2M_newick,2100_2300,25.0,50.0
datasets/5seq/seq.fasta,PRECTOTCORR_newick,2100_2300,25.0,50.0
datasets/5seq/seq.fasta,WS10M_newick,2100_2300,25.0,50.0
datasets/5seq/seq.fasta,ALLSKY_SFC_SW_DWN_newick,26000_26200,35.0,50.0
datasets/5seq/seq.fasta,T2M_newick,26000_26200,35.0,50.0
datasets/5seq/seq.fasta,QV2M_newick,26000_26200,35.0,50.0
datasets/5seq/seq.fasta,PRECTOTCORR_newick,26000_26200,35.0,50.0
datasets/5seq/seq.fasta,WS10M_newick,26000_26200,35.0,50.0
datasets/5seq/seq.fasta,ALLSKY_SFC_SW_DWN_newick,3600_3800,30.0,50.0
datasets/5seq/seq.fasta,T2M_newick,3600_3800,30.0,50.0
datasets/5seq/seq.fasta,QV2M_newick,3600_3800,30.0,50.0
datasets/5seq/seq.fasta,PRECTOTCORR_newick,3600_3800,30.0,50.0
datasets/5seq/seq.fasta,WS10M_newick,3600_3800,30.0,50.0
datasets/5seq/seq.fasta,ALLSKY_SFC_SW_DWN_newick,26300_26500,25.0,50.0
datasets/5seq/seq.fasta,T2M_newick,26300_26500,25.0,50.0
datasets/5seq/seq.fasta,QV2M_newick,26300_26500,25.0,50.0
datasets/5seq/seq.fasta,PRECTOTCORR_newick,26300_26500,25.0,50.0
datasets/5seq/seq.fasta,WS10M_newick,26300_26500,25.0,50.0
datasets/5seq/seq.fasta,ALLSKY_SFC_SW_DWN_newick,2600_2800,30.0,50.0
datasets/5seq/seq.fasta,T2M_newick,2600_2800,30.0,50.0
datasets/5seq/seq.fasta,QV2M_newick,2600_2800,30.0,50.0
datasets/5seq/seq.fasta,PRECTOTCORR_newick,2600_2800,30.0,50.0
datasets/5seq/seq.fasta,WS10M_newick,2600_2800,30.0,50.0
datasets/5seq/seq.fasta,ALLSKY_SFC_SW_DWN_newick,3100_3300,85.0,75.0
datasets/5seq/seq.fasta,T2M_newick,3100_3300,85.0,75.0
datasets/5seq/seq.fasta,QV2M_newick,3100_3300,85.0,75.0
datasets/5seq/seq.fasta,PRECTOTCORR_newick,3100_3300,85.0,75.0
datasets/5seq/seq.fasta,WS10M_newick,3100_3300,85.0,75.0
datasets/5seq/seq.fasta,ALLSKY_SFC_SW_DWN_newick,24900_25100,65.0,75.0
datasets/5seq/seq.fasta,T2M_newick,24900_25100,65.0,75.0
datasets/5seq/seq.fasta,QV2M_newick,24900_25100,65.0,75.0
datasets/5seq/seq.fasta,PRECTOTCORR_newick,24900_25100,65.0,75.0
datasets/5seq/seq.fasta,WS10M_newick,24900_25100,65.0,75.0
datasets/5seq/seq.fasta,ALLSKY_SFC_SW_DWN_newick,6900_7100,85.0,75.0
datasets/5seq/seq.fasta,T2M_newick,6900_7100,85.0,75.0
datasets/5seq/seq.fasta,QV2M_newick,6900_7100,85.0,75.0
datasets/5seq/seq.fasta,PRECTOTCORR_newick,6900_7100,85.0,75.0
datasets/5seq/seq.fasta,WS10M_newick,6900_7100,85.0,75.0
datasets/5seq/seq.fasta,ALLSKY_SFC_SW_DWN_newick,13500_13700,75.0,75.0
datasets/5seq/seq.fasta,T2M_newick,13500_13700,75.0,75.0
datasets/5seq/seq.fasta,QV2M_newick,13500_13700,75.0,75.0
datasets/5seq/seq.fasta,PRECTOTCORR_newick,13500_13700,75.0,75.0
datasets/5seq/seq.fasta,WS10M_newick,13500_13700,75.0,75.0
datasets/5seq/seq.fasta,ALLSKY_SFC_SW_DWN_newick,25700_25900,25.0,50.0
datasets/5seq/seq.fasta,T2M_newick,25700_25900,25.0,50.0
datasets/5seq/seq.fasta,QV2M_newick,25700_25900,25.0,50.0
datasets/5seq/seq.fasta,PRECTOTCORR_newick,25700_25900,25.0,50.0
datasets/5seq/seq.fasta,WS10M_newick,25700_25900,25.0,50.0
datasets/5seq/seq.fasta,ALLSKY_SFC_SW_DWN_newick,29600_29800,40.0,50.0
datasets/5seq/seq.fasta,T2M_newick,29600_29800,40.0,50.0
datasets/5seq/seq.fasta,QV2M_newick,29600_29800,40.0,50.0
datasets/5seq/seq.fasta,PRECTOTCORR_newick,29600_29800,40.0,50.0
datasets/5seq/seq.fasta,WS10M_newick,29600_29800,40.0,50.0
datasets/5seq/seq.fasta,ALLSKY_SFC_SW_DWN_newick,16400_16600,25.0,50.0
datasets/5seq/seq.fasta,T2M_newick,16400_16600,25.0,50.0
datasets/5seq/seq.fasta,QV2M_newick,16400_16600,25.0,50.0
datasets/5seq/seq.fasta,PRECTOTCORR_newick,16400_16600,25.0,50.0
datasets/5seq/seq.fasta,WS10M_newick,16400_16600,25.0,50.0
datasets/5seq/seq.fasta,ALLSKY_SFC_SW_DWN_newick,28800_29000,85.0,75.0
datasets/5seq/seq.fasta,T2M_newick,28800_29000,85.0,75.0
datasets/5seq/seq.fasta,QV2M_newick,28800_29000,85.0,75.0
datasets/5seq/seq.fasta,PRECTOTCORR_newick,28800_29000,85.0,75.0
datasets/5seq/seq.fasta,WS10M_newick,28800_29000,85.0,75.0
datasets/5seq/seq.fasta,ALLSKY_SFC_SW_DWN_newick,27900_28100,85.0,75.0
datasets/5seq/seq.fasta,T2M_newick,27900_28100,85.0,75.0
datasets/5seq/seq.fasta,QV2M_newick,27900_28100,85.0,75.0
datasets/5seq/seq.fasta,PRECTOTCORR_newick,27900_28100,85.0,75.0
datasets/5seq/seq.fasta,WS10M_newick,27900_28100,85.0,75.0
datasets/5seq/seq.fasta,ALLSKY_SFC_SW_DWN_newick,20600_20800,25.0,50.0
datasets/5seq/seq.fasta,T2M_newick,20600_20800,25.0,50.0
datasets/5seq/seq.fasta,QV2M_newick,20600_20800,25.0,50.0
datasets/5seq/seq.fasta,PRECTOTCORR_newick,20600_20800,25.0,50.0
datasets/5seq/seq.fasta,WS10M_newick,20600_20800,25.0,50.0
datasets/5seq/seq.fasta,ALLSKY_SFC_SW_DWN_newick,22100_22300,25.0,50.0
datasets/5seq/seq.fasta,T2M_newick,22100_22300,25.0,50.0
datasets/5seq/seq.fasta,QV2M_newick,22100_22300,25.0,50.0
datasets/5seq/seq.fasta,PRECTOTCORR_newick,22100_22300,25.0,50.0
datasets/5seq/seq.fasta,WS10M_newick,22100_22300,25.0,50.0
datasets/5seq/seq.fasta,ALLSKY_SFC_SW_DWN_newick,5800_6000,65.0,75.0
datasets/5seq/seq.fasta,T2M_newick,5800_6000,65.0,75.0
datasets/5seq/seq.fasta,QV2M_newick,5800_6000,65.0,75.0
datasets/5seq/seq.fasta,PRECTOTCORR_newick,5800_6000,65.0,75.0
datasets/5seq/seq.fasta,WS10M_newick,5800_6000,65.0,75.0
datasets/5seq/seq.fasta,ALLSKY_SFC_SW_DWN_newick,22200_22400,30.0,50.0
datasets/5seq/seq.fasta,T2M_newick,22200_22400,30.0,50.0
datasets/5seq/seq.fasta,QV2M_newick,22200_22400,30.0,50.0
datasets/5seq/seq.fasta,PRECTOTCORR_newick,22200_22400,30.0,50.0
datasets/5seq/seq.fasta,WS10M_newick,22200_22400,30.0,50.0
datasets/5seq/seq.fasta,ALLSKY_SFC_SW_DWN_newick,15900_16100,25.0,50.0
datasets/5seq/seq.fasta,T2M_newick,15900_16100,25.0,50.0
datasets/5seq/seq.fasta,QV2M_newick,15900_16100,25.0,50.0
datasets/5seq/seq.fasta,PRECTOTCORR_newick,15900_16100,25.0,50.0
datasets/5seq/seq.fasta,WS10M_newick,15900_16100,25.0,50.0
datasets/5seq/seq.fasta,ALLSKY_SFC_SW_DWN_newick,4000_4200,60.0,75.0
datasets/5seq/seq.fasta,T2M_newick,4000_4200,60.0,75.0
datasets/5seq/seq.fasta,QV2M_newick,4000_4200,60.0,75.0
datasets/5seq/seq.fasta,PRECTOTCORR_newick,4000_4200,60.0,75.0
datasets/5seq/seq.fasta,WS10M_newick,4000_4200,60.0,75.0
datasets/5seq/seq.fasta,ALLSKY_SFC_SW_DWN_newick,5700_5900,25.0,50.0
datasets/5seq/seq.fasta,T2M_newick,5700_5900,25.0,50.0
datasets/5seq/seq.fasta,QV2M_newick,5700_5900,25.0,50.0
datasets/5seq/seq.fasta,PRECTOTCORR_newick,5700_5900,25.0,50.0
datasets/5seq/seq.fasta,WS10M_newick,5700_5900,25.0,50.0
datasets/5seq/seq.fasta,ALLSKY_SFC_SW_DWN_newick,27000_27200,25.0,50.0
datasets/5seq/seq.fasta,T2M_newick,27000_27200,25.0,50.0
datasets/5seq/seq.fasta,QV2M_newick,27000_27200,25.0,50.0
datasets/5seq/seq.fasta,PRECTOTCORR_newick,27000_27200,25.0,50.0
datasets/5seq/seq.fasta,WS10M_newick,27000_27200,25.0,50.0
datasets/5seq/seq.fasta,ALLSKY_SFC_SW_DWN_newick,4700_4900,25.0,50.0
datasets/5seq/seq.fasta,T2M_newick,4700_4900,25.0,50.0
datasets/5seq/seq.fasta,QV2M_newick,4700_4900,25.0,50.0
datasets/5seq/seq.fasta,PRECTOTCORR_newick,4700_4900,25.0,50.0
datasets/5seq/seq.fasta,WS10M_newick,4700_4900,25.0,50.0
datasets/5seq/seq.fasta,ALLSKY_SFC_SW_DWN_newick,5000_5200,10.0,50.0
datasets/5seq/seq.fasta,T2M_newick,5000_5200,10.0,50.0
datasets/5seq/seq.fasta,QV2M_newick,5000_5200,10.0,50.0
datasets/5seq/seq.fasta,PRECTOTCORR_newick,5000_5200,10.0,50.0
datasets/5seq/seq.fasta,WS10M_newick,5000_5200,10.0,50.0
datasets/5seq/seq.fasta,ALLSKY_SFC_SW_DWN_newick,27300_27500,25.0,50.0
datasets/5seq/seq.fasta,T2M_newick,27300_27500,25.0,50.0
datasets/5seq/seq.fasta,QV2M_newick,27300_27500,25.0,50.0
datasets/5seq/seq.fasta,PRECTOTCORR_newick,27300_27500,25.0,50.0
datasets/5seq/seq.fasta,WS10M_newick,27300_27500,25.0,50.0
datasets/5seq/seq.fasta,ALLSKY_SFC_SW_DWN_newick,12500_12700,30.0,50.0
datasets/5seq/seq.fasta,T2M_newick,12500_12700,30.0,50.0
datasets/5seq/seq.fasta,QV2M_newick,12500_12700,30.0,50.0
datasets/5seq/seq.fasta,PRECTOTCORR_newick,12500_12700,30.0,50.0
datasets/5seq/seq.fasta,WS10M_newick,12500_12700,30.0,50.0
datasets/5seq/seq.fasta,ALLSKY_SFC_SW_DWN_newick,24700_24900,40.0,50.0
datasets/5seq/seq.fasta,T2M_newick,24700_24900,40.0,50.0
datasets/5seq/seq.fasta,QV2M_newick,24700_24900,40.0,50.0
datasets/5seq/seq.fasta,PRECTOTCORR_newick,24700_24900,40.0,50.0
datasets/5seq/seq.fasta,WS10M_newick,24700_24900,40.0,50.0
datasets/5seq/seq.fasta,ALLSKY_SFC_SW_DWN_newick,20800_21000,35.0,50.0
datasets/5seq/seq.fasta,T2M_newick,20800_21000,35.0,50.0
datasets/5seq/seq.fasta,QV2M_newick,20800_21000,35.0,50.0
datasets/5seq/seq.fasta,PRECTOTCORR_newick,20800_21000,35.0,50.0
datasets/5seq/seq.fasta,WS10M_newick,20800_21000,35.0,50.0
datasets/5seq/seq.fasta,ALLSKY_SFC_SW_DWN_newick,28600_28800,30.0,50.0
datasets/5seq/seq.fasta,T2M_newick,28600_28800,30.0,50.0
datasets/5seq/seq.fasta,QV2M_newick,28600_28800,30.0,50.0
datasets/5seq/seq.fasta,PRECTOTCORR_newick,28600_28800,30.0,50.0
datasets/5seq/seq.fasta,WS10M_newick,28600_28800,30.0,50.0
datasets/5seq/seq.fasta,ALLSKY_SFC_SW_DWN_newick,17400_17600,25.0,50.0
datasets/5seq/seq.fasta,T2M_newick,17400_17600,25.0,50.0
datasets/5seq/seq.fasta,QV2M_newick,17400_17600,25.0,50.0
datasets/5seq/seq.fasta,PRECTOTCORR_newick,17400_17600,25.0,50.0
datasets/5seq/seq.fasta,WS10M_newick,17400_17600,25.0,50.0
datasets/5seq/seq.fasta,ALLSKY_SFC_SW_DWN_newick,21600_21800,25.0,50.0
datasets/5seq/seq.fasta,T2M_newick,21600_21800,25.0,50.0
datasets/5seq/seq.fasta,QV2M_newick,21600_21800,25.0,50.0
datasets/5seq/seq.fasta,PRECTOTCORR_newick,21600_21800,25.0,50.0
datasets/5seq/seq.fasta,WS10M_newick,21600_21800,25.0,50.0
datasets/5seq/seq.fasta,ALLSKY_SFC_SW_DWN_newick,14800_15000,30.0,50.0
datasets/5seq/seq.fasta,T2M_newick,14800_15000,30.0,50.0
datasets/5seq/seq.fasta,QV2M_newick,14800_15000,30.0,50.0
datasets/5seq/seq.fasta,PRECTOTCORR_newick,14800_15000,30.0,50.0
datasets/5seq/seq.fasta,WS10M_newick,14800_15000,30.0,50.0
datasets/5seq/seq.fasta,ALLSKY_SFC_SW_DWN_newick,23400_23600,25.0,50.0
datasets/5seq/seq.fasta,T2M_newick,23400_23600,25.0,50.0
datasets/5seq/seq.fasta,QV2M_newick,23400_23600,25.0,50.0
datasets/5seq/seq.fasta,PRECTOTCORR_newick,23400_23600,25.0,50.0
datasets/5seq/seq.fasta,WS10M_newick,23400_23600,25.0,50.0
datasets/5seq/seq.fasta,ALLSKY_SFC_SW_DWN_newick,9900_10100,75.0,75.0
datasets/5seq/seq.fasta,T2M_newick,9900_10100,75.0,75.0
datasets/5seq/seq.fasta,QV2M_newick,9900_10100,75.0,75.0
datasets/5seq/seq.fasta,PRECTOTCORR_newick,9900_10100,75.0,75.0
datasets/5seq/seq.fasta,WS10M_newick,9900_10100,75.0,75.0
datasets/5seq/seq.fasta,ALLSKY_SFC_SW_DWN_newick,15600_15800,25.0,50.0
datasets/5seq/seq.fasta,T2M_newick,15600_15800,25.0,50.0
datasets/5seq/seq.fasta,QV2M_newick,15600_15800,25.0,50.0
datasets/5seq/seq.fasta,PRECTOTCORR_newick,15600_15800,25.0,50.0
datasets/5seq/seq.fasta,WS10M_newick,15600_15800,25.0,50.0
datasets/5seq/seq.fasta,ALLSKY_SFC_SW_DWN_newick,19700_19900,30.0,50.0
datasets/5seq/seq.fasta,T2M_newick,19700_19900,30.0,50.0
datasets/5seq/seq.fasta,QV2M_newick,19700_19900,30.0,50.0
datasets/5seq/seq.fasta,PRECTOTCORR_newick,19700_19900,30.0,50.0
datasets/5seq/seq.fasta,WS10M_newick,19700_19900,30.0,50.0
datasets/5seq/seq.fasta,ALLSKY_SFC_SW_DWN_newick,6200_6400,25.0,50.0
datasets/5seq/seq.fasta,T2M_newick,6200_6400,25.0,50.0
datasets/5seq/seq.fasta,QV2M_newick,6200_6400,25.0,50.0
datasets/5seq/seq.fasta,PRECTOTCORR_newick,6200_6400,25.0,50.0
datasets/5seq/seq.fasta,WS10M_newick,6200_6400,25.0,50.0
datasets/5seq/seq.fasta,ALLSKY_SFC_SW_DWN_newick,26500_26700,25.0,50.0
datasets/5seq/seq.fasta,T2M_newick,26500_26700,25.0,50.0
datasets/5seq/seq.fasta,QV2M_newick,26500_26700,25.0,50.0
datasets/5seq/seq.fasta,PRECTOTCORR_newick,26500_26700,25.0,50.0
datasets/5seq/seq.fasta,WS10M_newick,26500_26700,25.0,50.0
datasets/5seq/seq.fasta,ALLSKY_SFC_SW_DWN_newick,18900_19100,25.0,50.0
datasets/5seq/seq.fasta,T2M_newick,18900_19100,25.0,50.0
datasets/5seq/seq.fasta,QV2M_newick,18900_19100,25.0,50.0
datasets/5seq/seq.fasta,PRECTOTCORR_newick,18900_19100,25.0,50.0
datasets/5seq/seq.fasta,WS10M_newick,18900_19100,25.0,50.0
datasets/5seq/seq.fasta,ALLSKY_SFC_SW_DWN_newick,17800_18000,25.0,50.0
datasets/5seq/seq.fasta,T2M_newick,17800_18000,25.0,50.0
datasets/5seq/seq.fasta,QV2M_newick,17800_18000,25.0,50.0
datasets/5seq/seq.fasta,PRECTOTCORR_newick,17800_18000,25.0,50.0
datasets/5seq/seq.fasta,WS10M_newick,17800_18000,25.0,50.0
datasets/5seq/seq.fasta,ALLSKY_SFC_SW_DWN_newick,7200_7400,25.0,50.0
datasets/5seq/seq.fasta,T2M_newick,7200_7400,25.0,50.0
datasets/5seq/seq.fasta,QV2M_newick,7200_7400,25.0,50.0
datasets/5seq/seq.fasta,PRECTOTCORR_newick,7200_7400,25.0,50.0
datasets/5seq/seq.fasta,WS10M_newick,7200_7400,25.0,50.0
datasets/5seq/seq.fasta,ALLSKY_SFC_SW_DWN_newick,10700_10900,25.0,50.0
datasets/5seq/seq.fasta,T2M_newick,10700_10900,25.0,50.0
datasets/5seq/seq.fasta,QV2M_newick,10700_10900,25.0,50.0
datasets/5seq/seq.fasta,PRECTOTCORR_newick,10700_10900,25.0,50.0
datasets/5seq/seq.fasta,WS10M_newick,10700_10900,25.0,50.0
datasets/5seq/seq.fasta,ALLSKY_SFC_SW_DWN_newick,21900_22100,10.0,50.0
datasets/5seq/seq.fasta,T2M_newick,21900_22100,10.0,50.0
datasets/5seq/seq.fasta,QV2M_newick,21900_22100,10.0,50.0
datasets/5seq/seq.fasta,PRECTOTCORR_newick,21900_22100,10.0,50.0
datasets/5seq/seq.fasta,WS10M_newick,21900_22100,10.0,50.0
datasets/5seq/seq.fasta,ALLSKY_SFC_SW_DWN_newick,2400_2600,25.0,50.0
datasets/5seq/seq.fasta,T2M_newick,2400_2600,25.0,50.0
datasets/5seq/seq.fasta,QV2M_newick,2400_2600,25.0,50.0
datasets/5seq/seq.fasta,PRECTOTCORR_newick,2400_2600,25.0,50.0
datasets/5seq/seq.fasta,WS10M_newick,2400_2600,25.0,50.0
datasets/5seq/seq.fasta,ALLSKY_SFC_SW_DWN_newick,13000_13200,25.0,50.0
datasets/5seq/seq.fasta,T2M_newick,13000_13200,25.0,50.0
datasets/5seq/seq.fasta,QV2M_newick,13000_13200,25.0,50.0
datasets/5seq/seq.fasta,PRECTOTCORR_newick,13000_13200,25.0,50.0
datasets/5seq/seq.fasta,WS10M_newick,13000_13200,25.0,50.0
datasets/5seq/seq.fasta,ALLSKY_SFC_SW_DWN_newick,13300_13500,25.0,50.0
datasets/5seq/seq.fasta,T2M_newick,13300_13500,25.0,50.0
datasets/5seq/seq.fasta,QV2M_newick,13300_13500,25.0,50.0
datasets/5seq/seq.fasta,PRECTOTCORR_newick,13300_13500,25.0,50.0
datasets/5seq/seq.fasta,WS10M_newick,13300_13500,25.0,50.0
datasets/5seq/seq.fasta,ALLSKY_SFC_SW_DWN_newick,3400_3600,30.0,50.0
datasets/5seq/seq.fasta,T2M_newick,3400_3600,30.0,50.0
datasets/5seq/seq.fasta,QV2M_newick,3400_3600,30.0,50.0
datasets/5seq/seq.fasta,PRECTOTCORR_newick,3400_3600,30.0,50.0
datasets/5seq/seq.fasta,WS10M_newick,3400_3600,30.0,50.0
datasets/5seq/seq.fasta,ALLSKY_SFC_SW_DWN_newick,16100_16300,85.0,75.0
datasets/5seq/seq.fasta,T2M_newick,16100_16300,85.0,75.0
datasets/5seq/seq.fasta,QV2M_newick,16100_16300,85.0,75.0
datasets/5seq/seq.fasta,PRECTOTCORR_newick,16100_16300,85.0,75.0
datasets/5seq/seq.fasta,WS10M_newick,16100_16300,85.0,75.0
datasets/5seq/seq.fasta,ALLSKY_SFC_SW_DWN_newick,9400_9600,25.0,50.0
datasets/5seq/seq.fasta,T2M_newick,9400_9600,25.0,50.0
datasets/5seq/seq.fasta,QV2M_newick,9400_9600,25.0,50.0
datasets/5seq/seq.fasta,PRECTOTCORR_newick,9400_9600,25.0,50.0
datasets/5seq/seq.fasta,WS10M_newick,9400_9600,25.0,50.0
datasets/5seq/seq.fasta,ALLSKY_SFC_SW_DWN_newick,16200_16400,25.0,50.0
datasets/5seq/seq.fasta,T2M_newick,16200_16400,25.0,50.0
datasets/5seq/seq.fasta,QV2M_newick,16200_16400,25.0,50.0
datasets/5seq/seq.fasta,PRECTOTCORR_newick,16200_16400,25.0,50.0
datasets/5seq/seq.fasta,WS10M_newick,16200_16400,25.0,50.0
datasets/5seq/seq.fasta,ALLSKY_SFC_SW_DWN_newick,8400_8600,25.0,50.0
datasets/5seq/seq.fasta,T2M_newick,8400_8600,25.0,50.0
datasets/5seq/seq.fasta,QV2M_newick,8400_8600,25.0,50.0
datasets/5seq/seq.fasta,PRECTOTCORR_newick,8400_8600,25.0,50.0
datasets/5seq/seq.fasta,WS10M_newick,8400_8600,25.0,50.0
datasets/5seq/seq.fasta,ALLSKY_SFC_SW_DWN_newick,0_200,10.0,50.0
datasets/5seq/seq.fasta,T2M_newick,0_200,10.0,50.0
datasets/5seq/seq.fasta,QV2M_newick,0_200,10.0,50.0
datasets/5seq/seq.fasta,PRECTOTCORR_newick,0_200,10.0,50.0
datasets/5seq/seq.fasta,WS10M_newick,0_200,10.0,50.0
datasets/5seq/seq.fasta,ALLSKY_SFC_SW_DWN_newick,29200_29400,25.0,50.0
datasets/5seq/seq.fasta,T2M_newick,29200_29400,25.0,50.0
datasets/5seq/seq.fasta,QV2M_newick,29200_29400,25.0,50.0
datasets/5seq/seq.fasta,PRECTOTCORR_newick,29200_29400,25.0,50.0
datasets/5seq/seq.fasta,WS10M_newick,29200_29400,25.0,50.0
datasets/5seq/seq.fasta,ALLSKY_SFC_SW_DWN_newick,20100_20300,25.0,50.0
datasets/5seq/seq.fasta,T2M_newick,20100_20300,25.0,50.0
datasets/5seq/seq.fasta,QV2M_newick,20100_20300,25.0,50.0
datasets/5seq/seq.fasta,PRECTOTCORR_newick,20100_20300,25.0,50.0
datasets/5seq/seq.fasta,WS10M_newick,20100_20300,25.0,50.0
datasets/5seq/seq.fasta,ALLSKY_SFC_SW_DWN_newick,20200_20400,30.0,50.0
datasets/5seq/seq.fasta,T2M_newick,20200_20400,30.0,50.0
datasets/5seq/seq.fasta,QV2M_newick,20200_20400,30.0,50.0
datasets/5seq/seq.fasta,PRECTOTCORR_newick,20200_20400,30.0,50.0
datasets/5seq/seq.fasta,WS10M_newick,20200_20400,30.0,50.0
datasets/5seq/seq.fasta,ALLSKY_SFC_SW_DWN_newick,29100_29300,25.0,50.0
datasets/5seq/seq.fasta,T2M_newick,29100_29300,25.0,50.0
datasets/5seq/seq.fasta,QV2M_newick,29100_29300,25.0,50.0
datasets/5seq/seq.fasta,PRECTOTCORR_newick,29100_29300,25.0,50.0
datasets/5seq/seq.fasta,WS10M_newick,29100_29300,25.0,50.0
datasets/5seq/seq.fasta,ALLSKY_SFC_SW_DWN_newick,6800_7000,85.0,75.0
datasets/5seq/seq.fasta,T2M_newick,6800_7000,85.0,75.0
datasets/5seq/seq.fasta,QV2M_newick,6800_7000,85.0,75.0
datasets/5seq/seq.fasta,PRECTOTCORR_newick,6800_7000,85.0,75.0
datasets/5seq/seq.fasta,WS10M_newick,6800_7000,85.0,75.0
datasets/5seq/seq.fasta,ALLSKY_SFC_SW_DWN_newick,25000_25200,30.0,50.0
datasets/5seq/seq.fasta,T2M_newick,25000_25200,30.0,50.0
datasets/5seq/seq.fasta,QV2M_newick,25000_25200,30.0,50.0
datasets/5seq/seq.fasta,PRECTOTCORR_newick,25000_25200,30.0,50.0
datasets/5seq/seq.fasta,WS10M_newick,25000_25200,30.0,50.0
datasets/5seq/seq.fasta,ALLSKY_SFC_SW_DWN_newick,25300_25500,25.0,50.0
datasets/5seq/seq.fasta,T2M_newick,25300_25500,25.0,50.0
datasets/5seq/seq.fasta,QV2M_newick,25300_25500,25.0,50.0
datasets/5seq/seq.fasta,PRECTOTCORR_newick,25300_25500,25.0,50.0
datasets/5seq/seq.fasta,WS10M_newick,25300_25500,25.0,50.0
datasets/5seq/seq.fasta,ALLSKY_SFC_SW_DWN_newick,19500_19700,25.0,50.0
datasets/5seq/seq.fasta,T2M_newick,19500_19700,25.0,50.0
datasets/5seq/seq.fasta,QV2M_newick,19500_19700,25.0,50.0
datasets/5seq/seq.fasta,PRECTOTCORR_newick,19500_19700,25.0,50.0
datasets/5seq/seq.fasta,WS10M_newick,19500_19700,25.0,50.0
datasets/5seq/seq.fasta,ALLSKY_SFC_SW_DWN_newick,2000_2200,25.0,50.0
datasets/5seq/seq.fasta,T2M_newick,2000_2200,25.0,50.0
datasets/5seq/seq.fasta,QV2M_newick,2000_2200,25.0,50.0
datasets/5seq/seq.fasta,PRECTOTCORR_newick,2000_2200,25.0,50.0
datasets/5seq/seq.fasta,WS10M_newick,2000_2200,25.0,50.0
datasets/5seq/seq.fasta,ALLSKY_SFC_SW_DWN_newick,100_300,25.0,50.0
datasets/5seq/seq.fasta,T2M_newick,100_300,25.0,50.0
datasets/5seq/seq.fasta,QV2M_newick,100_300,25.0,50.0
datasets/5seq/seq.fasta,PRECTOTCORR_newick,100_300,25.0,50.0
datasets/5seq/seq.fasta,WS10M_newick,100_300,25.0,50.0
datasets/5seq/seq.fasta,ALLSKY_SFC_SW_DWN_newick,3700_3900,25.0,50.0
datasets/5seq/seq.fasta,T2M_newick,3700_3900,25.0,50.0
datasets/5seq/seq.fasta,QV2M_newick,3700_3900,25.0,50.0
datasets/5seq/seq.fasta,PRECTOTCORR_newick,3700_3900,25.0,50.0
datasets/5seq/seq.fasta,WS10M_newick,3700_3900,25.0,50.0
datasets/5seq/seq.fasta,ALLSKY_SFC_SW_DWN_newick,23900_24100,25.0,50.0
datasets/5seq/seq.fasta,T2M_newick,23900_24100,25.0,50.0
datasets/5seq/seq.fasta,QV2M_newick,23900_24100,25.0,50.0
datasets/5seq/seq.fasta,PRECTOTCORR_newick,23900_24100,25.0,50.0
datasets/5seq/seq.fasta,WS10M_newick,23900_24100,25.0,50.0
datasets/5seq/seq.fasta,ALLSKY_SFC_SW_DWN_newick,10500_10700,30.0,50.0
datasets/5seq/seq.fasta,T2M_newick,10500_10700,30.0,50.0
datasets/5seq/seq.fasta,QV2M_newick,10500_10700,30.0,50.0
datasets/5seq/seq.fasta,PRECTOTCORR_newick,10500_10700,30.0,50.0
datasets/5seq/seq.fasta,WS10M_newick,10500_10700,30.0,50.0
datasets/5seq/seq.fasta,ALLSKY_SFC_SW_DWN_newick,26700_26900,10.0,50.0
datasets/5seq/seq.fasta,T2M_newick,26700_26900,10.0,50.0
datasets/5seq/seq.fasta,QV2M_newick,26700_26900,10.0,50.0
datasets/5seq/seq.fasta,PRECTOTCORR_newick,26700_26900,10.0,50.0
datasets/5seq/seq.fasta,WS10M_newick,26700_26900,10.0,50.0
datasets/5seq/seq.fasta,ALLSKY_SFC_SW_DWN_newick,2700_2900,30.0,50.0
datasets/5seq/seq.fasta,T2M_newick,2700_2900,30.0,50.0
datasets/5seq/seq.fasta,QV2M_newick,2700_2900,30.0,50.0
datasets/5seq/seq.fasta,PRECTOTCORR_newick,2700_2900,30.0,50.0
datasets/5seq/seq.fasta,WS10M_newick,2700_2900,30.0,50.0
datasets/5seq/seq.fasta,ALLSKY_SFC_SW_DWN_newick,3000_3200,25.0,50.0
datasets/5seq/seq.fasta,T2M_newick,3000_3200,25.0,50.0
datasets/5seq/seq.fasta,QV2M_newick,3000_3200,25.0,50.0
datasets/5seq/seq.fasta,PRECTOTCORR_newick,3000_3200,25.0,50.0
datasets/5seq/seq.fasta,WS10M_newick,3000_3200,25.0,50.0
datasets/5seq/seq.fasta,ALLSKY_SFC_SW_DWN_newick,7900_8100,25.0,50.0
datasets/5seq/seq.fasta,T2M_newick,7900_8100,25.0,50.0
datasets/5seq/seq.fasta,QV2M_newick,7900_8100,25.0,50.0
datasets/5seq/seq.fasta,PRECTOTCORR_newick,7900_8100,25.0,50.0
datasets/5seq/seq.fasta,WS10M_newick,7900_8100,25.0,50.0
datasets/5seq/seq.fasta,ALLSKY_SFC_SW_DWN_newick,22800_23000,25.0,50.0
datasets/5seq/seq.fasta,T2M_newick,22800_23000,25.0,50.0
datasets/5seq/seq.fasta,QV2M_newick,22800_23000,25.0,50.0
datasets/5seq/seq.fasta,PRECTOTCORR_newick,22800_23000,25.0,50.0
datasets/5seq/seq.fasta,WS10M_newick,22800_23000,25.0,50.0
datasets/5seq/seq.fasta,ALLSKY_SFC_SW_DWN_newick,8700_8900,30.0,50.0
datasets/5seq/seq.fasta,T2M_newick,8700_8900,30.0,50.0
datasets/5seq/seq.fasta,QV2M_newick,8700_8900,30.0,50.0
datasets/5seq/seq.fasta,PRECTOTCORR_newick,8700_8900,30.0,50.0
datasets/5seq/seq.fasta,WS10M_newick,8700_8900,30.0,50.0
datasets/5seq/seq.fasta,ALLSKY_SFC_SW_DWN_newick,9000_9200,30.0,50.0
datasets/5seq/seq.fasta,T2M_newick,9000_9200,30.0,50.0
datasets/5seq/seq.fasta,QV2M_newick,9000_9200,30.0,50.0
datasets/5seq/seq.fasta,PRECTOTCORR_newick,9000_9200,30.0,50.0
datasets/5seq/seq.fasta,WS10M_newick,9000_9200,30.0,50.0
datasets/5seq/seq.fasta,ALLSKY_SFC_SW_DWN_newick,15400_15600,25.0,50.0
datasets/5seq/seq.fasta,T2M_newick,15400_15600,25.0,50.0
datasets/5seq/seq.fasta,QV2M_newick,15400_15600,25.0,50.0
datasets/5seq/seq.fasta,PRECTOTCORR_newick,15400_15600,25.0,50.0
datasets/5seq/seq.fasta,WS10M_newick,15400_15600,25.0,50.0
datasets/5seq/seq.fasta,ALLSKY_SFC_SW_DWN_newick,23600_23800,100.0,100.0
datasets/5seq/seq.fasta,T2M_newick,23600_23800,100.0,100.0
datasets/5seq/seq.fasta,QV2M_newick,23600_23800,100.0,100.0
datasets/5seq/seq.fasta,PRECTOTCORR_newick,23600_23800,100.0,100.0
datasets/5seq/seq.fasta,WS10M_newick,23600_23800,100.0,100.0
datasets/5seq/seq.fasta,ALLSKY_SFC_SW_DWN_newick,8000_8200,35.0,50.0
datasets/5seq/seq.fasta,T2M_newick,8000_8200,35.0,50.0
datasets/5seq/seq.fasta,QV2M_newick,8000_8200,35.0,50.0
datasets/5seq/seq.fasta,PRECTOTCORR_newick,8000_8200,35.0,50.0
datasets/5seq/seq.fasta,WS10M_newick,8000_8200,35.0,50.0
datasets/5seq/seq.fasta,ALLSKY_SFC_SW_DWN_newick,9700_9900,25.0,50.0
datasets/5seq/seq.fasta,T2M_newick,9700_9900,25.0,50.0
datasets/5seq/seq.fasta,QV2M_newick,9700_9900,25.0,50.0
datasets/5seq/seq.fasta,PRECTOTCORR_newick,9700_9900,25.0,50.0
datasets/5seq/seq.fasta,WS10M_newick,9700_9900,25.0,50.0
datasets/5seq/seq.fasta,ALLSKY_SFC_SW_DWN_newick,28400_28600,25.0,50.0
datasets/5seq/seq.fasta,T2M_newick,28400_28600,25.0,50.0
datasets/5seq/seq.fasta,QV2M_newick,28400_28600,25.0,50.0
datasets/5seq/seq.fasta,PRECTOTCORR_newick,28400_28600,25.0,50.0
datasets/5seq/seq.fasta,WS10M_newick,28400_28600,25.0,50.0
datasets/5seq/seq.fasta,ALLSKY_SFC_SW_DWN_newick,16800_17000,25.0,50.0
datasets/5seq/seq.fasta,T2M_newick,16800_17000,25.0,50.0
datasets/5seq/seq.fasta,QV2M_newick,16800_17000,25.0,50.0
datasets/5seq/seq.fasta,PRECTOTCORR_newick,16800_17000,25.0,50.0
datasets/5seq/seq.fasta,WS10M_newick,16800_17000,25.0,50.0
datasets/5seq/seq.fasta,ALLSKY_SFC_SW_DWN_newick,21400_21600,30.0,50.0
datasets/5seq/seq.fasta,T2M_newick,21400_21600,30.0,50.0
datasets/5seq/seq.fasta,QV2M_newick,21400_21600,30.0,50.0
datasets/5seq/seq.fasta,PRECTOTCORR_newick,21400_21600,30.0,50.0
datasets/5seq/seq.fasta,WS10M_newick,21400_21600,30.0,50.0
datasets/5seq/seq.fasta,ALLSKY_SFC_SW_DWN_newick,17600_17800,30.0,50.0
datasets/5seq/seq.fasta,T2M_newick,17600_17800,30.0,50.0
datasets/5seq/seq.fasta,QV2M_newick,17600_17800,30.0,50.0
datasets/5seq/seq.fasta,PRECTOTCORR_newick,17600_17800,30.0,50.0
datasets/5seq/seq.fasta,WS10M_newick,17600_17800,30.0,50.0
datasets/5seq/seq.fasta,ALLSKY_SFC_SW_DWN_newick,4400_4600,25.0,50.0
datasets/5seq/seq.fasta,T2M_newick,4400_4600,25.0,50.0
datasets/5seq/seq.fasta,QV2M_newick,4400_4600,25.0,50.0
datasets/5seq/seq.fasta,PRECTOTCORR_newick,4400_4600,25.0,50.0
datasets/5seq/seq.fasta,WS10M_newick,4400_4600,25.0,50.0
datasets/5seq/seq.fasta,ALLSKY_SFC_SW_DWN_newick,200_400,25.0,50.0
datasets/5seq/seq.fasta,T2M_newick,200_400,25.0,50.0
datasets/5seq/seq.fasta,QV2M_newick,200_400,25.0,50.0
datasets/5seq/seq.fasta,PRECTOTCORR_newick,200_400,25.0,50.0
datasets/5seq/seq.fasta,WS10M_newick,200_400,25.0,50.0
datasets/5seq/seq.fasta,ALLSKY_SFC_SW_DWN_newick,24500_24700,50.0,75.0
datasets/5seq/seq.fasta,T2M_newick,24500_24700,50.0,75.0
datasets/5seq/seq.fasta,QV2M_newick,24500_24700,50.0,75.0
datasets/5seq/seq.fasta,PRECTOTCORR_newick,24500_24700,50.0,75.0
datasets/5seq/seq.fasta,WS10M_newick,24500_24700,50.0,75.0
datasets/5seq/seq.fasta,ALLSKY_SFC_SW_DWN_newick,5400_5600,10.0,50.0
datasets/5seq/seq.fasta,T2M_newick,5400_5600,10.0,50.0
datasets/5seq/seq.fasta,QV2M_newick,5400_5600,10.0,50.0
datasets/5seq/seq.fasta,PRECTOTCORR_newick,5400_5600,10.0,50.0
datasets/5seq/seq.fasta,WS10M_newick,5400_5600,10.0,50.0
datasets/5seq/seq.fasta,ALLSKY_SFC_SW_DWN_newick,12700_12900,25.0,50.0
datasets/5seq/seq.fasta,T2M_newick,12700_12900,25.0,50.0
datasets/5seq/seq.fasta,QV2M_newick,12700_12900,25.0,50.0
datasets/5seq/seq.fasta,PRECTOTCORR_newick,12700_12900,25.0,50.0
datasets/5seq/seq.fasta,WS10M_newick,12700_12900,25.0,50.0
datasets/5seq/seq.fasta,ALLSKY_SFC_SW_DWN_newick,18300_18500,30.0,50.0
datasets/5seq/seq.fasta,T2M_newick,18300_18500,30.0,50.0
datasets/5seq/seq.fasta,QV2M_newick,18300_18500,30.0,50.0
datasets/5seq/seq.fasta,PRECTOTCORR_newick,18300_18500,30.0,50.0
datasets/5seq/seq.fasta,WS10M_newick,18300_18500,30.0,50.0
datasets/5seq/seq.fasta,ALLSKY_SFC_SW_DWN_newick,11000_11200,30.0,50.0
datasets/5seq/seq.fasta,T2M_newick,11000_11200,30.0,50.0
datasets/5seq/seq.fasta,QV2M_newick,11000_11200,30.0,50.0
datasets/5seq/seq.fasta,PRECTOTCORR_newick,11000_11200,30.0,50.0
datasets/5seq/seq.fasta,WS10M_newick,11000_11200,30.0,50.0
datasets/5seq/seq.fasta,ALLSKY_SFC_SW_DWN_newick,11300_11500,25.0,50.0
datasets/5seq/seq.fasta,T2M_newick,11300_11500,25.0,50.0
datasets/5seq/seq.fasta,QV2M_newick,11300_11500,25.0,50.0
datasets/5seq/seq.fasta,PRECTOTCORR_newick,11300_11500,25.0,50.0
datasets/5seq/seq.fasta,WS10M_newick,11300_11500,25.0,50.0
datasets/5seq/seq.fasta,ALLSKY_SFC_SW_DWN_newick,1200_1400,25.0,50.0
datasets/5seq/seq.fasta,T2M_newick,1200_1400,25.0,50.0
datasets/5seq/seq.fasta,QV2M_newick,1200_1400,25.0,50.0
datasets/5seq/seq.fasta,PRECTOTCORR_newick,1200_1400,25.0,50.0
datasets/5seq/seq.fasta,WS10M_newick,1200_1400,25.0,50.0
datasets/5seq/seq.fasta,ALLSKY_SFC_SW_DWN_newick,18000_18200,25.0,50.0
datasets/5seq/seq.fasta,T2M_newick,18000_18200,25.0,50.0
datasets/5seq/seq.fasta,QV2M_newick,18000_18200,25.0,50.0
datasets/5seq/seq.fasta,PRECTOTCORR_newick,18000_18200,25.0,50.0
datasets/5seq/seq.fasta,WS10M_newick,18000_18200,25.0,50.0
datasets/5seq/seq.fasta,ALLSKY_SFC_SW_DWN_newick,3800_4000,25.0,50.0
datasets/5seq/seq.fasta,T2M_newick,3800_4000,25.0,50.0
datasets/5seq/seq.fasta,QV2M_newick,3800_4000,25.0,50.0
datasets/5seq/seq.fasta,PRECTOTCORR_newick,3800_4000,25.0,50.0
datasets/5seq/seq.fasta,WS10M_newick,3800_4000,25.0,50.0
datasets/5seq/seq.fasta,ALLSKY_SFC_SW_DWN_newick,14100_14300,30.0,50.0
datasets/5seq/seq.fasta,T2M_newick,14100_14300,30.0,50.0
datasets/5seq/seq.fasta,QV2M_newick,14100_14300,30.0,50.0
datasets/5seq/seq.fasta,PRECTOTCORR_newick,14100_14300,30.0,50.0
datasets/5seq/seq.fasta,WS10M_newick,14100_14300,30.0,50.0
datasets/5seq/seq.fasta,ALLSKY_SFC_SW_DWN_newick,14200_14400,25.0,50.0
datasets/5seq/seq.fasta,T2M_newick,14200_14400,25.0,50.0
datasets/5seq/seq.fasta,QV2M_newick,14200_14400,25.0,50.0
datasets/5seq/seq.fasta,PRECTOTCORR_newick,14200_14400,25.0,50.0
datasets/5seq/seq.fasta,WS10M_newick,14200_14400,25.0,50.0
datasets/5seq/seq.fasta,ALLSKY_SFC_SW_DWN_newick,29400_29600,0.0,50.0
datasets/5seq/seq.fasta,T2M_newick,29400_29600,0.0,50.0
datasets/5seq/seq.fasta,QV2M_newick,29400_29600,0.0,50.0
datasets/5seq/seq.fasta,PRECTOTCORR_newick,29400_29600,0.0,50.0
datasets/5seq/seq.fasta,WS10M_newick,29400_29600,0.0,50.0
datasets/5seq/seq.fasta,ALLSKY_SFC_SW_DWN_newick,9500_9700,30.0,50.0
datasets/5seq/seq.fasta,T2M_newick,9500_9700,30.0,50.0
datasets/5seq/seq.fasta,QV2M_newick,9500_9700,30.0,50.0
datasets/5seq/seq.fasta,PRECTOTCORR_newick,9500_9700,30.0,50.0
datasets/5seq/seq.fasta,WS10M_newick,9500_9700,30.0,50.0
datasets/5seq/seq.fasta,ALLSKY_SFC_SW_DWN_newick,13800_14000,25.0,50.0
datasets/5seq/seq.fasta,T2M_newick,13800_14000,25.0,50.0
datasets/5seq/seq.fasta,QV2M_newick,13800_14000,25.0,50.0
datasets/5seq/seq.fasta,PRECTOTCORR_newick,13800_14000,25.0,50.0
datasets/5seq/seq.fasta,WS10M_newick,13800_14000,25.0,50.0
datasets/5seq/seq.fasta,ALLSKY_SFC_SW_DWN_newick,20400_20600,40.0,50.0
datasets/5seq/seq.fasta,T2M_newick,20400_20600,40.0,50.0
datasets/5seq/seq.fasta,QV2M_newick,20400_20600,40.0,50.0
datasets/5seq/seq.fasta,PRECTOTCORR_newick,20400_20600,40.0,50.0
datasets/5seq/seq.fasta,WS10M_newick,20400_20600,40.0,50.0
datasets/5seq/seq.fasta,ALLSKY_SFC_SW_DWN_newick,16600_16800,25.0,50.0
datasets/5seq/seq.fasta,T2M_newick,16600_16800,25.0,50.0
datasets/5seq/seq.fasta,QV2M_newick,16600_16800,25.0,50.0
datasets/5seq/seq.fasta,PRECTOTCORR_newick,16600_16800,25.0,50.0
datasets/5seq/seq.fasta,WS10M_newick,16600_16800,25.0,50.0
datasets/5seq/seq.fasta,ALLSKY_SFC_SW_DWN_newick,8500_8700,25.0,50.0
datasets/5seq/seq.fasta,T2M_newick,8500_8700,25.0,50.0
datasets/5seq/seq.fasta,QV2M_newick,8500_8700,25.0,50.0
datasets/5seq/seq.fasta,PRECTOTCORR_newick,8500_8700,25.0,50.0
datasets/5seq/seq.fasta,WS10M_newick,8500_8700,25.0,50.0
datasets/5seq/seq.fasta,ALLSKY_SFC_SW_DWN_newick,12900_13100,30.0,50.0
datasets/5seq/seq.fasta,T2M_newick,12900_13100,30.0,50.0
datasets/5seq/seq.fasta,QV2M_newick,12900_13100,30.0,50.0
datasets/5seq/seq.fasta,PRECTOTCORR_newick,12900_13100,30.0,50.0
datasets/5seq/seq.fasta,WS10M_newick,12900_13100,30.0,50.0
datasets/5seq/seq.fasta,ALLSKY_SFC_SW_DWN_newick,2500_2700,25.0,50.0
datasets/5seq/seq.fasta,T2M_newick,2500_2700,25.0,50.0
datasets/5seq/seq.fasta,QV2M_newick,2500_2700,25.0,50.0
datasets/5seq/seq.fasta,PRECTOTCORR_newick,2500_2700,25.0,50.0
datasets/5seq/seq.fasta,WS10M_newick,2500_2700,25.0,50.0
datasets/5seq/seq.fasta,ALLSKY_SFC_SW_DWN_newick,25500_25700,10.0,50.0
datasets/5seq/seq.fasta,T2M_newick,25500_25700,10.0,50.0
datasets/5seq/seq.fasta,QV2M_newick,25500_25700,10.0,50.0
datasets/5seq/seq.fasta,PRECTOTCORR_newick,25500_25700,10.0,50.0
datasets/5seq/seq.fasta,WS10M_newick,25500_25700,10.0,50.0
datasets/5seq/seq.fasta,ALLSKY_SFC_SW_DWN_newick,13700_13900,30.0,50.0
datasets/5seq/seq.fasta,T2M_newick,13700_13900,30.0,50.0
datasets/5seq/seq.fasta,QV2M_newick,13700_13900,30.0,50.0
datasets/5seq/seq.fasta,PRECTOTCORR_newick,13700_13900,30.0,50.0
datasets/5seq/seq.fasta,WS10M_newick,13700_13900,30.0,50.0
datasets/5seq/seq.fasta,ALLSKY_SFC_SW_DWN_newick,3500_3700,30.0,50.0
datasets/5seq/seq.fasta,T2M_newick,3500_3700,30.0,50.0
datasets/5seq/seq.fasta,QV2M_newick,3500_3700,30.0,50.0
datasets/5seq/seq.fasta,PRECTOTCORR_newick,3500_3700,30.0,50.0
datasets/5seq/seq.fasta,WS10M_newick,3500_3700,30.0,50.0
datasets/5seq/seq.fasta,ALLSKY_SFC_SW_DWN_newick,19300_19500,30.0,50.0
datasets/5seq/seq.fasta,T2M_newick,19300_19500,30.0,50.0
datasets/5seq/seq.fasta,QV2M_newick,19300_19500,30.0,50.0
datasets/5seq/seq.fasta,PRECTOTCORR_newick,19300_19500,30.0,50.0
datasets/5seq/seq.fasta,WS10M_newick,19300_19500,30.0,50.0
datasets/5seq/seq.fasta,ALLSKY_SFC_SW_DWN_newick,6300_6500,25.0,50.0
datasets/5seq/seq.fasta,T2M_newick,6300_6500,25.0,50.0
datasets/5seq/seq.fasta,QV2M_newick,6300_6500,25.0,50.0
datasets/5seq/seq.fasta,PRECTOTCORR_newick,6300_6500,25.0,50.0
datasets/5seq/seq.fasta,WS10M_newick,6300_6500,25.0,50.0
datasets/5seq/seq.fasta,ALLSKY_SFC_SW_DWN_newick,10000_10200,60.0,75.0
datasets/5seq/seq.fasta,T2M_newick,10000_10200,60.0,75.0
datasets/5seq/seq.fasta,QV2M_newick,10000_10200,60.0,75.0
datasets/5seq/seq.fasta,PRECTOTCORR_newick,10000_10200,60.0,75.0
datasets/5seq/seq.fasta,WS10M_newick,10000_10200,60.0,75.0
datasets/5seq/seq.fasta,ALLSKY_SFC_SW_DWN_newick,10300_10500,25.0,50.0
datasets/5seq/seq.fasta,T2M_newick,10300_10500,25.0,50.0
datasets/5seq/seq.fasta,QV2M_newick,10300_10500,25.0,50.0
datasets/5seq/seq.fasta,PRECTOTCORR_newick,10300_10500,25.0,50.0
datasets/5seq/seq.fasta,WS10M_newick,10300_10500,25.0,50.0
datasets/5seq/seq.fasta,ALLSKY_SFC_SW_DWN_newick,700_900,10.0,50.0
datasets/5seq/seq.fasta,T2M_newick,700_900,10.0,50.0
datasets/5seq/seq.fasta,QV2M_newick,700_900,10.0,50.0
datasets/5seq/seq.fasta,PRECTOTCORR_newick,700_900,10.0,50.0
datasets/5seq/seq.fasta,WS10M_newick,700_900,10.0,50.0
datasets/5seq/seq.fasta,ALLSKY_SFC_SW_DWN_newick,19000_19200,40.0,50.0
datasets/5seq/seq.fasta,T2M_newick,19000_19200,40.0,50.0
datasets/5seq/seq.fasta,QV2M_newick,19000_19200,40.0,50.0
datasets/5seq/seq.fasta,PRECTOTCORR_newick,19000_19200,40.0,50.0
datasets/5seq/seq.fasta,WS10M_newick,19000_19200,40.0,50.0
datasets/5seq/seq.fasta,ALLSKY_SFC_SW_DWN_newick,7300_7500,25.0,50.0
datasets/5seq/seq.fasta,T2M_newick,7300_7500,25.0,50.0
datasets/5seq/seq.fasta,QV2M_newick,7300_7500,25.0,50.0
datasets/5seq/seq.fasta,PRECTOTCORR_newick,7300_7500,25.0,50.0
datasets/5seq/seq.fasta,WS10M_newick,7300_7500,25.0,50.0
datasets/5seq/seq.fasta,ALLSKY_SFC_SW_DWN_newick,15100_15300,85.0,75.0
datasets/5seq/seq.fasta,T2M_newick,15100_15300,85.0,75.0
datasets/5seq/seq.fasta,QV2M_newick,15100_15300,85.0,75.0
datasets/5seq/seq.fasta,PRECTOTCORR_newick,15100_15300,85.0,75.0
datasets/5seq/seq.fasta,WS10M_newick,15100_15300,85.0,75.0
datasets/5seq/seq.fasta,ALLSKY_SFC_SW_DWN_newick,15200_15400,85.0,75.0
datasets/5seq/seq.fasta,T2M_newick,15200_15400,85.0,75.0
datasets/5seq/seq.fasta,QV2M_newick,15200_15400,85.0,75.0
datasets/5seq/seq.fasta,PRECTOTCORR_newick,15200_15400,85.0,75.0
datasets/5seq/seq.fasta,WS10M_newick,15200_15400,85.0,75.0
datasets/5seq/seq.fasta,ALLSKY_SFC_SW_DWN_newick,500_700,30.0,50.0
datasets/5seq/seq.fasta,T2M_newick,500_700,30.0,50.0
datasets/5seq/seq.fasta,QV2M_newick,500_700,30.0,50.0
datasets/5seq/seq.fasta,PRECTOTCORR_newick,500_700,30.0,50.0
datasets/5seq/seq.fasta,WS10M_newick,500_700,30.0,50.0
datasets/5seq/seq.fasta,ALLSKY_SFC_SW_DWN_newick,28200_28400,65.0,75.0
datasets/5seq/seq.fasta,T2M_newick,28200_28400,65.0,75.0
datasets/5seq/seq.fasta,QV2M_newick,28200_28400,65.0,75.0
datasets/5seq/seq.fasta,PRECTOTCORR_newick,28200_28400,65.0,75.0
datasets/5seq/seq.fasta,WS10M_newick,28200_28400,65.0,75.0
datasets/5seq/seq.fasta,ALLSKY_SFC_SW_DWN_newick,21100_21300,30.0,50.0
datasets/5seq/seq.fasta,T2M_newick,21100_21300,30.0,50.0
datasets/5seq/seq.fasta,QV2M_newick,21100_21300,30.0,50.0
datasets/5seq/seq.fasta,PRECTOTCORR_newick,21100_21300,30.0,50.0
datasets/5seq/seq.fasta,WS10M_newick,21100_21300,30.0,50.0
datasets/5seq/seq.fasta,ALLSKY_SFC_SW_DWN_newick,21200_21400,25.0,50.0
datasets/5seq/seq.fasta,T2M_newick,21200_21400,25.0,50.0
datasets/5seq/seq.fasta,QV2M_newick,21200_21400,25.0,50.0
datasets/5seq/seq.fasta,PRECTOTCORR_newick,21200_21400,25.0,50.0
datasets/5seq/seq.fasta,WS10M_newick,21200_21400,25.0,50.0
datasets/5seq/seq.fasta,ALLSKY_SFC_SW_DWN_newick,28100_28300,65.0,75.0
datasets/5seq/seq.fasta,T2M_newick,28100_28300,65.0,75.0
datasets/5seq/seq.fasta,QV2M_newick,28100_28300,65.0,75.0
datasets/5seq/seq.fasta,PRECTOTCORR_newick,28100_28300,65.0,75.0
datasets/5seq/seq.fasta,WS10M_newick,28100_28300,65.0,75.0
datasets/5seq/seq.fasta,ALLSKY_SFC_SW_DWN_newick,24000_24200,25.0,50.0
datasets/5seq/seq.fasta,T2M_newick,24000_24200,25.0,50.0
datasets/5seq/seq.fasta,QV2M_newick,24000_24200,25.0,50.0
datasets/5seq/seq.fasta,PRECTOTCORR_newick,24000_24200,25.0,50.0
datasets/5seq/seq.fasta,WS10M_newick,24000_24200,25.0,50.0
datasets/5seq/seq.fasta,ALLSKY_SFC_SW_DWN_newick,24300_24500,25.0,50.0
datasets/5seq/seq.fasta,T2M_newick,24300_24500,25.0,50.0
datasets/5seq/seq.fasta,QV2M_newick,24300_24500,25.0,50.0
datasets/5seq/seq.fasta,PRECTOTCORR_newick,24300_24500,25.0,50.0
datasets/5seq/seq.fasta,WS10M_newick,24300_24500,25.0,50.0
datasets/5seq/seq.fasta,ALLSKY_SFC_SW_DWN_newick,19800_20000,30.0,50.0
datasets/5seq/seq.fasta,T2M_newick,19800_20000,30.0,50.0
datasets/5seq/seq.fasta,QV2M_newick,19800_20000,30.0,50.0
datasets/5seq/seq.fasta,PRECTOTCORR_newick,19800_20000,30.0,50.0
datasets/5seq/seq.fasta,WS10M_newick,19800_20000,30.0,50.0
datasets/5seq/seq.fasta,ALLSKY_SFC_SW_DWN_newick,18500_18700,25.0,50.0
datasets/5seq/seq.fasta,T2M_newick,18500_18700,25.0,50.0
datasets/5seq/seq.fasta,QV2M_newick,18500_18700,25.0,50.0
datasets/5seq/seq.fasta,PRECTOTCORR_newick,18500_18700,25.0,50.0
datasets/5seq/seq.fasta,WS10M_newick,18500_18700,25.0,50.0
datasets/5seq/seq.fasta,ALLSKY_SFC_SW_DWN_newick,4100_4300,35.0,50.0
datasets/5seq/seq.fasta,T2M_newick,4100_4300,35.0,50.0
datasets/5seq/seq.fasta,QV2M_newick,4100_4300,35.0,50.0
datasets/5seq/seq.fasta,PRECTOTCORR_newick,4100_4300,35.0,50.0
datasets/5seq/seq.fasta,WS10M_newick,4100_4300,35.0,50.0
datasets/5seq/seq.fasta,ALLSKY_SFC_SW_DWN_newick,26900_27100,30.0,50.0
datasets/5seq/seq.fasta,T2M_newick,26900_27100,30.0,50.0
datasets/5seq/seq.fasta,QV2M_newick,26900_27100,30.0,50.0
datasets/5seq/seq.fasta,PRECTOTCORR_newick,26900_27100,30.0,50.0
datasets/5seq/seq.fasta,WS10M_newick,26900_27100,30.0,50.0
datasets/5seq/seq.fasta,ALLSKY_SFC_SW_DWN_newick,5600_5800,25.0,50.0
datasets/5seq/seq.fasta,T2M_newick,5600_5800,25.0,50.0
datasets/5seq/seq.fasta,QV2M_newick,5600_5800,25.0,50.0
datasets/5seq/seq.fasta,PRECTOTCORR_newick,5600_5800,25.0,50.0
datasets/5seq/seq.fasta,WS10M_newick,5600_5800,25.0,50.0
datasets/5seq/seq.fasta,ALLSKY_SFC_SW_DWN_newick,4600_4800,25.0,50.0
datasets/5seq/seq.fasta,T2M_newick,4600_4800,25.0,50.0
datasets/5seq/seq.fasta,QV2M_newick,4600_4800,25.0,50.0
datasets/5seq/seq.fasta,PRECTOTCORR_newick,4600_4800,25.0,50.0
datasets/5seq/seq.fasta,WS10M_newick,4600_4800,25.0,50.0
datasets/5seq/seq.fasta,ALLSKY_SFC_SW_DWN_newick,5100_5300,25.0,50.0
datasets/5seq/seq.fasta,T2M_newick,5100_5300,25.0,50.0
datasets/5seq/seq.fasta,QV2M_newick,5100_5300,25.0,50.0
datasets/5seq/seq.fasta,PRECTOTCORR_newick,5100_5300,25.0,50.0
datasets/5seq/seq.fasta,WS10M_newick,5100_5300,25.0,50.0
datasets/5seq/seq.fasta,ALLSKY_SFC_SW_DWN_newick,11500_11700,30.0,50.0
datasets/5seq/seq.fasta,T2M_newick,11500_11700,30.0,50.0
datasets/5seq/seq.fasta,QV2M_newick,11500_11700,30.0,50.0
datasets/5seq/seq.fasta,PRECTOTCORR_newick,11500_11700,30.0,50.0
datasets/5seq/seq.fasta,WS10M_newick,11500_11700,30.0,50.0
datasets/5seq/seq.fasta,ALLSKY_SFC_SW_DWN_newick,27700_27900,10.0,50.0
datasets/5seq/seq.fasta,T2M_newick,27700_27900,10.0,50.0
datasets/5seq/seq.fasta,QV2M_newick,27700_27900,10.0,50.0
datasets/5seq/seq.fasta,PRECTOTCORR_newick,27700_27900,10.0,50.0
datasets/5seq/seq.fasta,WS10M_newick,27700_27900,10.0,50.0
datasets/5seq/seq.fasta,ALLSKY_SFC_SW_DWN_newick,5900_6100,85.0,75.0
datasets/5seq/seq.fasta,T2M_newick,5900_6100,85.0,75.0
datasets/5seq/seq.fasta,QV2M_newick,5900_6100,85.0,75.0
datasets/5seq/seq.fasta,PRECTOTCORR_newick,5900_6100,85.0,75.0
datasets/5seq/seq.fasta,WS10M_newick,5900_6100,85.0,75.0
datasets/5seq/seq.fasta,ALLSKY_SFC_SW_DWN_newick,14400_14600,30.0,50.0
datasets/5seq/seq.fasta,T2M_newick,14400_14600,30.0,50.0
datasets/5seq/seq.fasta,QV2M_newick,14400_14600,30.0,50.0
datasets/5seq/seq.fasta,PRECTOTCORR_newick,14400_14600,30.0,50.0
datasets/5seq/seq.fasta,WS10M_newick,14400_14600,30.0,50.0
datasets/5seq/seq.fasta,ALLSKY_SFC_SW_DWN_newick,22600_22800,30.0,50.0
datasets/5seq/seq.fasta,T2M_newick,22600_22800,30.0,50.0
datasets/5seq/seq.fasta,QV2M_newick,22600_22800,30.0,50.0
datasets/5seq/seq.fasta,PRECTOTCORR_newick,22600_22800,30.0,50.0
datasets/5seq/seq.fasta,WS10M_newick,22600_22800,30.0,50.0
